timestamp,datacenter,rack_id,server_id,server_type,operating_system,status,cpu_usage_pct,memory_usage_pct,disk_usage_pct,network_in_mbps,network_out_mbps,temperature_c,power_consumption_w,uptime_hours,incident_count,response_time_ms,operator,team,sla_compliance_pct
2024-01-01 00:00:00,DC-Miami,RACK-020,SRV-0111,Compute,Debian 11,Running,97.88,35.86,38.84,42.55,14.44,45.4,,1946.0,14.0,89.3,OPS-07,DataOps,85.37
2024-01-01 02:00:00,DC-Madrid,RACK-025,SRV-0104,Load Balancer,Windows Server 2022,Running,47.68,35.84,23.15,19.67,24.27,38.2,384.0,5544.0,14.0,122.4,OPS-07,Network,93.72
2024-01-01 04:00:00,DC-Cali,RACK-022,SRV-0060,Web Server,Windows Server 2022,Running,69.7,29.59,52.07,2.0,2.4,50.7,867.0,1095.0,7.0,49.5,OPS-06,DevOps,93.23
2024-01-01 06:00:00,DC-Madrid,RACK-013,SRV-0171,Storage,RHEL 9,Maintenance,18.21,10.13,30.15,15.87,0.13,38.5,965.0,6985.0,,,OPS-10,DataOps,88.29
2024-01-01 08:00:00,DC-Madrid,RACK-019,SRV-0100,Web Server,RHEL 9,Restarting,50.65,71.99,21.75,0.32,33.3,37.8,553.0,1782.0,0.0,106.2,OPS-11,DevOps,91.43
2024-01-01 10:00:00,DC-Medellín,RACK-036,SRV-0068,Database,Windows Server 2022,Running,7.59,92.18,48.11,191.65,30.8,25.2,1042.0,4541.0,3.0,10.7,OPS-09,DataOps,94.78
2024-01-01 12:00:00,DC-Cali,RACK-012,SRV-0133,Compute,RHEL 9,Running,52.51,29.06,81.13,168.7,15.87,24.2,827.0,3257.0,9.0,,OPS-13,DevOps,95.91
2024-01-01 14:00:00,DC-Cali,RACK-019,SRV-0120,Database,Debian 11,Idle,95.62,66.36,64.16,25.14,20.18,,217.0,6213.0,11.0,169.4,OPS-09,Security,85.01
2024-01-01 16:00:00,DC-Cali,RACK-012,SRV-0037,Web Server,Ubuntu 22.04,Maintenance,41.12,73.06,44.4,65.17,16.11,,237.0,4869.0,4.0,189.7,OPS-15,Infrastructure,99.05
2024-01-01 18:00:00,DC-Madrid,RACK-009,SRV-0072,Web Server,Debian 11,Running,8.67,82.12,71.04,21.22,0.73,31.8,366.0,,8.0,81.9,OPS-07,Infrastructure,87.47
2024-01-01 20:00:00,DC-Miami,RACK-007,SRV-0127,Load Balancer,,Running,7.91,,38.1,55.6,12.26,46.1,150.0,4006.0,,270.2,OPS-09,Security,88.5
2024-01-01 22:00:00,DC-Cali,RACK-028,SRV-0106,Storage,Windows Server 2022,Running,41.47,35.75,21.12,81.85,5.85,30.5,289.0,3981.0,7.0,37.4,OPS-13,DataOps,88.95
2024-01-02 00:00:00,DC-Madrid,RACK-014,SRV-0092,Storage,Debian 11,Idle,20.04,37.65,79.62,146.64,3.11,53.2,767.0,5682.0,13.0,63.4,OPS-10,Network,85.57
2024-01-02 02:00:00,DC-Medellín,RACK-031,SRV-0031,Database,RHEL 9,Running,7.2,70.57,68.65,25.56,94.2,45.3,282.0,5782.0,10.0,274.6,OPS-03,DataOps,86.85
2024-01-02 04:00:00,DC-Miami,RACK-019,SRV-0122,Compute,RHEL 9,Idle,76.08,79.43,79.46,76.46,27.44,40.1,327.0,943.0,8.0,271.9,OPS-03,Infrastructure,99.8
2024-01-02 06:00:00,DC-Medellín,RACK-016,SRV-0137,Storage,Windows Server 2022,Running,48.1,25.44,23.04,15.46,39.13,50.6,959.0,4550.0,12.0,138.9,OPS-01,Network,89.73
2024-01-02 08:00:00,DC-Miami,RACK-005,SRV-0051,Load Balancer,CentOS 8,Idle,32.19,,85.3,231.95,11.37,19.8,529.0,600.0,6.0,235.1,OPS-05,DevOps,86.73
2024-01-02 10:00:00,DC-Madrid,RACK-035,SRV-0029,Database,RHEL 9,Running,89.61,86.66,68.32,1.31,14.98,27.5,1057.0,6376.0,4.0,11.2,OPS-15,Network,86.6
2024-01-02 12:00:00,DC-Bogotá,RACK-012,SRV-0040,Database,,Running,15.92,78.57,63.94,46.26,8.11,35.2,807.0,1524.0,12.0,,OPS-04,DataOps,95.79
2024-01-02 14:00:00,DC-Miami,RACK-025,SRV-0041,Load Balancer,RHEL 9,Running,94.86,93.71,68.72,53.87,3.06,26.4,599.0,3766.0,14.0,46.4,OPS-02,Security,97.82
2024-01-02 16:00:00,DC-Medellín,RACK-021,SRV-0011,Compute,Debian 11,Idle,34.51,74.11,87.43,58.24,5.92,45.5,735.0,250.0,4.0,23.6,OPS-09,DevOps,88.85
2024-01-02 18:00:00,DC-Madrid,RACK-036,SRV-0151,Load Balancer,,Running,88.51,43.42,65.78,6.41,47.91,,612.0,78.0,9.0,32.8,OPS-03,DataOps,85.31
2024-01-02 20:00:00,DC-Miami,RACK-023,SRV-0001,Compute,RHEL 9,Running,61.68,60.2,65.31,139.46,33.95,33.7,1139.0,3123.0,10.0,64.9,OPS-15,DevOps,88.35
2024-01-02 22:00:00,DC-Bogotá,RACK-016,SRV-0046,Load Balancer,Debian 11,Running,82.71,66.19,97.27,9.99,23.75,30.7,271.0,7064.0,5.0,34.7,OPS-08,Network,
2024-01-03 00:00:00,DC-Bogotá,,SRV-0101,Load Balancer,Windows Server 2022,Running,97.5,16.67,79.02,48.74,19.34,53.6,166.0,8417.0,4.0,46.4,OPS-06,Infrastructure,86.55
2024-01-03 02:00:00,DC-Cali,RACK-039,SRV-0149,Web Server,CentOS 8,Idle,32.11,56.28,54.5,12.59,76.7,34.5,476.0,1209.0,12.0,17.4,OPS-14,DataOps,
2024-01-03 04:00:00,DC-Cali,RACK-014,SRV-0090,Database,Debian 11,Idle,95.35,70.29,75.18,18.35,2.27,36.1,467.0,5153.0,11.0,42.1,OPS-13,Security,88.45
2024-01-03 06:00:00,DC-Medellín,RACK-031,SRV-0110,Load Balancer,CentOS 8,Maintenance,41.61,24.22,50.36,39.53,9.88,31.0,958.0,4898.0,10.0,101.9,OPS-05,Network,92.74
2024-01-03 08:00:00,DC-Miami,RACK-005,SRV-0164,Load Balancer,CentOS 8,Running,41.24,76.35,37.85,26.99,12.92,51.7,652.0,2178.0,8.0,,OPS-01,DataOps,
2024-01-03 10:00:00,DC-Miami,RACK-035,SRV-0182,Storage,Ubuntu 22.04,Maintenance,37.0,59.62,66.55,8.73,45.76,39.1,268.0,7610.0,2.0,51.1,OPS-04,Security,99.11
2024-01-03 12:00:00,DC-Cali,RACK-023,SRV-0057,Database,RHEL 9,Running,55.89,90.94,92.4,9.37,146.84,46.2,859.0,2544.0,2.0,164.7,OPS-03,DataOps,98.59
2024-01-03 14:00:00,DC-Miami,RACK-029,SRV-0001,Storage,Debian 11,Running,19.49,13.61,92.47,27.08,8.26,48.0,194.0,5522.0,14.0,268.8,OPS-01,Network,93.5
2024-01-03 16:00:00,DC-Miami,RACK-011,SRV-0063,Database,CentOS 8,Running,,32.55,46.67,70.79,62.22,30.6,463.0,2370.0,6.0,169.7,OPS-12,DataOps,90.32
2024-01-03 18:00:00,DC-Bogotá,RACK-018,SRV-0182,Storage,Ubuntu 22.04,Running,55.92,61.13,61.16,114.12,53.27,34.0,567.0,3281.0,6.0,48.4,OPS-15,DevOps,90.72
2024-01-03 20:00:00,DC-Cali,RACK-012,SRV-0055,Load Balancer,Windows Server 2022,Idle,76.62,35.21,36.51,4.39,7.63,49.4,705.0,4710.0,5.0,163.7,OPS-05,Network,91.18
2024-01-03 22:00:00,DC-Madrid,RACK-009,SRV-0115,Load Balancer,Debian 11,Idle,83.36,70.73,97.66,24.97,15.29,31.4,475.0,328.0,2.0,19.8,OPS-06,DataOps,95.91
2024-01-04 00:00:00,DC-Cali,RACK-010,SRV-0168,Web Server,CentOS 8,Idle,46.4,74.52,96.53,5.28,15.81,47.4,664.0,5579.0,13.0,16.8,OPS-02,Infrastructure,91.77
2024-01-04 02:00:00,DC-Madrid,RACK-017,SRV-0143,Storage,RHEL 9,Running,33.42,18.71,70.66,0.84,114.8,52.8,363.0,4228.0,12.0,50.9,OPS-15,DataOps,97.85
2024-01-04 04:00:00,DC-Bogotá,RACK-038,SRV-0149,Compute,Ubuntu 22.04,Running,29.38,53.68,82.74,54.19,5.99,,223.0,6794.0,6.0,197.8,OPS-14,DevOps,99.16
2024-01-04 06:00:00,DC-Medellín,RACK-007,SRV-0175,Web Server,CentOS 8,Running,23.29,53.26,75.78,46.12,48.16,45.4,658.0,120.0,4.0,33.9,OPS-03,Security,90.04
2024-01-04 08:00:00,DC-Miami,RACK-013,SRV-0053,Storage,RHEL 9,Running,10.42,41.39,66.27,8.9,12.2,47.8,481.0,6749.0,6.0,7.8,OPS-11,Security,93.41
2024-01-04 10:00:00,DC-Bogotá,,SRV-0137,Storage,CentOS 8,Running,37.19,,24.16,13.32,39.38,49.3,837.0,964.0,1.0,,OPS-14,Security,86.43
2024-01-04 12:00:00,DC-Miami,RACK-009,SRV-0180,Web Server,Debian 11,Running,30.4,80.34,55.47,1.2,16.34,,806.0,4224.0,5.0,234.9,OPS-15,Infrastructure,88.01
2024-01-04 14:00:00,DC-Medellín,RACK-027,SRV-0057,Load Balancer,Debian 11,,95.84,69.26,72.63,90.07,25.91,,1177.0,3675.0,13.0,120.5,OPS-06,DevOps,91.2
2024-01-04 16:00:00,DC-Medellín,RACK-002,SRV-0117,Storage,Debian 11,Running,57.42,70.72,72.85,183.83,53.62,,749.0,5694.0,7.0,35.0,OPS-04,Network,88.09
2024-01-04 18:00:00,DC-Bogotá,RACK-005,SRV-0154,Load Balancer,Ubuntu 22.04,Idle,37.64,49.25,49.1,7.28,48.91,42.9,,2076.0,0.0,97.2,OPS-09,Security,98.15
2024-01-04 20:00:00,DC-Medellín,RACK-029,SRV-0169,Web Server,Debian 11,,59.56,88.28,93.45,13.16,60.39,34.7,1141.0,6865.0,3.0,90.0,OPS-05,DevOps,
2024-01-04 22:00:00,DC-Madrid,RACK-037,SRV-0035,Load Balancer,RHEL 9,Failed,18.08,69.04,33.05,101.4,1.84,45.7,866.0,5643.0,10.0,127.9,OPS-04,DataOps,91.83
2024-01-05 00:00:00,DC-Medellín,RACK-038,SRV-0063,Database,CentOS 8,Idle,46.74,71.96,59.03,130.5,35.33,31.2,872.0,8524.0,0.0,31.9,OPS-02,Infrastructure,94.09
2024-01-05 02:00:00,DC-Miami,RACK-019,SRV-0025,Compute,Windows Server 2022,Running,63.87,83.24,73.89,27.2,4.52,41.5,426.0,5249.0,13.0,239.8,OPS-06,DevOps,95.38
2024-01-05 04:00:00,DC-Miami,RACK-008,SRV-0090,Storage,RHEL 9,Idle,50.96,33.3,74.38,2.6,16.13,24.9,685.0,1316.0,0.0,44.4,OPS-10,DevOps,90.75
2024-01-05 06:00:00,DC-Miami,RACK-001,SRV-0075,Compute,RHEL 9,Idle,42.77,78.6,70.59,2.01,23.86,,301.0,1196.0,9.0,142.2,OPS-02,Network,98.04
2024-01-05 08:00:00,DC-Miami,RACK-022,SRV-0038,Load Balancer,Debian 11,Running,98.42,26.6,41.47,42.66,15.46,38.2,1104.0,3170.0,11.0,2.0,OPS-12,DevOps,93.52
2024-01-05 10:00:00,DC-Madrid,RACK-017,SRV-0130,Storage,Ubuntu 22.04,,87.75,39.35,32.18,24.95,21.99,25.6,408.0,355.0,13.0,56.0,OPS-13,Network,91.59
2024-01-05 12:00:00,DC-Cali,RACK-007,SRV-0135,Load Balancer,CentOS 8,Maintenance,63.6,38.53,69.6,1.45,169.88,28.8,473.0,28.0,13.0,,OPS-07,Infrastructure,86.01
2024-01-05 14:00:00,DC-Bogotá,RACK-025,SRV-0162,Database,Ubuntu 22.04,Running,58.52,93.17,66.75,43.76,4.36,45.7,1166.0,1013.0,10.0,94.1,OPS-03,Infrastructure,91.97
2024-01-05 16:00:00,DC-Miami,RACK-004,SRV-0091,Web Server,CentOS 8,Running,63.34,82.81,33.99,0.57,33.76,35.9,1018.0,2024.0,7.0,9.1,OPS-09,DataOps,97.31
2024-01-05 18:00:00,DC-Medellín,RACK-036,SRV-0017,Storage,CentOS 8,Running,23.92,69.6,75.0,77.41,15.13,26.0,837.0,8490.0,6.0,187.4,OPS-11,Network,94.22
2024-01-05 20:00:00,DC-Miami,RACK-006,SRV-0128,Database,Ubuntu 22.04,Running,42.14,71.8,55.5,18.3,4.28,53.8,459.0,,11.0,29.5,OPS-05,Network,97.48
2024-01-05 22:00:00,DC-Medellín,RACK-031,SRV-0171,Database,RHEL 9,Running,8.71,57.78,72.09,2.05,5.19,44.5,952.0,5791.0,9.0,135.6,OPS-08,Security,
2024-01-06 00:00:00,DC-Medellín,RACK-019,SRV-0187,Storage,CentOS 8,Running,49.7,90.5,85.31,44.38,89.44,53.4,769.0,754.0,,195.1,OPS-11,Security,86.78
2024-01-06 02:00:00,DC-Miami,RACK-039,SRV-0108,Load Balancer,Ubuntu 22.04,Running,56.04,52.18,33.24,25.35,63.51,33.8,622.0,3735.0,0.0,99.0,OPS-06,DataOps,85.2
2024-01-06 04:00:00,DC-Madrid,RACK-027,SRV-0179,Database,CentOS 8,Running,26.41,42.34,21.49,182.1,71.27,35.6,610.0,1238.0,10.0,162.1,OPS-14,Infrastructure,
2024-01-06 06:00:00,DC-Medellín,RACK-010,SRV-0182,Compute,Windows Server 2022,Maintenance,,23.86,80.77,39.28,143.15,51.2,963.0,1906.0,13.0,130.1,OPS-12,Security,95.47
2024-01-06 08:00:00,DC-Medellín,RACK-026,SRV-0152,Database,,Running,90.49,76.83,67.56,16.1,7.01,37.4,995.0,7399.0,12.0,52.7,OPS-10,DevOps,96.85
2024-01-06 10:00:00,DC-Miami,RACK-019,SRV-0025,Load Balancer,Debian 11,Running,72.88,72.43,74.57,61.8,13.18,44.2,816.0,7961.0,1.0,,OPS-08,Infrastructure,89.44
2024-01-06 12:00:00,DC-Medellín,RACK-039,SRV-0199,Load Balancer,CentOS 8,Running,55.14,42.67,85.38,15.84,33.19,27.3,411.0,4601.0,3.0,41.9,OPS-13,DevOps,92.43
2024-01-06 14:00:00,DC-Medellín,RACK-003,SRV-0180,Compute,Windows Server 2022,Failed,86.78,12.14,82.62,117.3,19.84,34.5,504.0,1460.0,0.0,101.6,OPS-13,Network,91.32
2024-01-06 16:00:00,DC-Miami,RACK-013,SRV-0198,Database,Debian 11,Running,17.28,81.31,94.95,23.48,16.26,22.6,919.0,7669.0,2.0,164.2,OPS-11,Infrastructure,91.16
2024-01-06 18:00:00,DC-Miami,RACK-028,SRV-0088,Load Balancer,Debian 11,Running,79.31,10.97,61.8,39.91,13.29,25.6,329.0,1416.0,7.0,,OPS-12,DataOps,88.47
2024-01-06 20:00:00,DC-Bogotá,RACK-020,SRV-0161,Storage,CentOS 8,Maintenance,16.73,69.81,58.1,2.59,27.03,18.0,215.0,7766.0,7.0,43.3,OPS-03,Network,87.05
2024-01-06 22:00:00,DC-Madrid,RACK-028,SRV-0177,Web Server,Ubuntu 22.04,Maintenance,79.66,92.47,51.35,27.77,25.71,19.5,969.0,1428.0,7.0,73.8,OPS-03,Network,87.95
2024-01-07 00:00:00,DC-Madrid,RACK-008,SRV-0029,Web Server,CentOS 8,Running,30.92,47.2,31.99,89.3,5.28,54.2,320.0,4378.0,5.0,,OPS-05,DevOps,85.83
2024-01-07 02:00:00,DC-Medellín,RACK-039,SRV-0063,Web Server,Windows Server 2022,Maintenance,87.45,29.97,64.66,81.9,19.14,27.0,623.0,7529.0,5.0,,OPS-11,Network,87.97
2024-01-07 04:00:00,DC-Madrid,RACK-001,SRV-0150,Database,Debian 11,Running,93.74,69.91,41.61,12.7,24.19,42.5,683.0,4474.0,4.0,94.5,OPS-10,Security,85.14
2024-01-07 06:00:00,DC-Medellín,RACK-003,SRV-0154,Compute,CentOS 8,Running,18.99,79.46,91.86,12.81,25.34,,588.0,3071.0,,130.0,OPS-03,Infrastructure,94.41
2024-01-07 08:00:00,DC-Bogotá,RACK-013,SRV-0156,Load Balancer,Ubuntu 22.04,Running,48.49,56.45,65.49,85.0,7.08,38.4,984.0,555.0,8.0,280.3,OPS-08,Security,89.75
2024-01-07 10:00:00,DC-Miami,RACK-028,SRV-0114,Storage,CentOS 8,Running,97.21,92.2,66.24,133.25,40.68,23.7,376.0,8547.0,3.0,12.4,OPS-10,DevOps,99.6
2024-01-07 12:00:00,DC-Miami,RACK-025,SRV-0049,Storage,RHEL 9,Idle,50.44,14.39,47.68,5.01,0.77,44.9,591.0,1563.0,9.0,31.7,OPS-13,DevOps,87.91
2024-01-07 14:00:00,DC-Miami,RACK-033,SRV-0199,Database,Ubuntu 22.04,Running,86.17,52.91,24.06,29.9,13.15,40.2,,1040.0,14.0,148.1,OPS-12,Infrastructure,90.19
2024-01-07 16:00:00,DC-Madrid,RACK-038,SRV-0081,Web Server,Windows Server 2022,Running,60.34,71.07,22.48,20.58,45.45,45.1,877.0,2686.0,11.0,208.3,OPS-14,Network,90.37
2024-01-07 18:00:00,DC-Bogotá,RACK-006,SRV-0084,Database,Debian 11,Idle,40.28,,53.02,102.28,24.9,,233.0,2553.0,11.0,233.4,OPS-08,DataOps,85.13
2024-01-07 20:00:00,DC-Madrid,RACK-032,SRV-0105,Compute,CentOS 8,Idle,31.86,25.24,26.6,4.36,9.08,54.1,,1779.0,11.0,64.4,OPS-02,DevOps,97.59
2024-01-07 22:00:00,DC-Madrid,RACK-021,SRV-0177,Compute,Ubuntu 22.04,Running,24.1,78.0,67.33,11.86,35.62,39.2,842.0,75.0,6.0,11.2,OPS-12,Infrastructure,85.48
2024-01-08 00:00:00,DC-Bogotá,RACK-016,SRV-0148,Load Balancer,RHEL 9,Idle,76.61,56.98,88.72,69.81,25.14,30.6,642.0,4326.0,0.0,69.1,OPS-04,DataOps,99.1
2024-01-08 02:00:00,DC-Bogotá,RACK-021,SRV-0118,Load Balancer,Ubuntu 22.04,Running,,43.71,88.87,2.63,47.72,42.0,1119.0,5835.0,14.0,31.5,OPS-10,Network,98.38
2024-01-08 04:00:00,DC-Bogotá,RACK-011,SRV-0086,Compute,RHEL 9,Idle,53.06,21.2,71.41,33.92,39.84,20.5,502.0,5057.0,8.0,41.3,OPS-13,DevOps,93.03
2024-01-08 06:00:00,DC-Bogotá,RACK-037,SRV-0063,Compute,Windows Server 2022,Idle,51.28,83.55,36.48,29.18,28.26,51.2,189.0,,6.0,177.6,OPS-01,Infrastructure,93.15
2024-01-08 08:00:00,DC-Miami,RACK-036,SRV-0189,Compute,Debian 11,Restarting,59.26,23.37,87.31,20.35,20.09,22.4,789.0,2773.0,9.0,9.4,OPS-04,Infrastructure,94.81
2024-01-08 10:00:00,DC-Cali,RACK-035,SRV-0104,Database,Windows Server 2022,Running,86.36,36.33,89.12,25.09,4.29,,,2262.0,11.0,210.9,OPS-12,Infrastructure,
2024-01-08 12:00:00,DC-Cali,RACK-019,SRV-0049,Compute,CentOS 8,Running,97.19,34.65,35.34,37.74,9.09,48.2,408.0,3229.0,8.0,67.0,OPS-13,DevOps,94.71
2024-01-08 14:00:00,DC-Bogotá,RACK-020,SRV-0071,Storage,Ubuntu 22.04,Running,43.31,84.07,77.52,8.8,16.3,40.1,666.0,392.0,6.0,108.8,OPS-13,DataOps,85.67
2024-01-08 16:00:00,DC-Cali,RACK-018,SRV-0001,Web Server,RHEL 9,Running,82.79,67.18,42.35,42.43,27.44,32.6,879.0,1108.0,1.0,11.3,OPS-11,Infrastructure,85.81
2024-01-08 18:00:00,DC-Cali,,SRV-0141,Compute,RHEL 9,Running,76.87,77.72,82.61,81.85,21.63,35.5,672.0,4362.0,14.0,49.4,OPS-13,Network,91.86
2024-01-08 20:00:00,DC-Bogotá,,SRV-0179,Web Server,Ubuntu 22.04,Failed,58.91,31.29,97.78,71.39,10.2,49.6,988.0,5188.0,5.0,11.3,OPS-04,Infrastructure,93.24
2024-01-08 22:00:00,DC-Cali,RACK-031,SRV-0123,Database,Ubuntu 22.04,Running,94.87,63.11,22.34,8.36,0.19,30.6,266.0,,9.0,391.0,OPS-10,DataOps,98.32
2024-01-09 00:00:00,DC-Madrid,RACK-001,SRV-0184,Web Server,CentOS 8,Running,23.84,58.6,89.99,8.08,20.57,50.2,333.0,3998.0,11.0,197.6,OPS-09,DevOps,86.57
2024-01-09 02:00:00,DC-Medellín,RACK-003,SRV-0062,Database,Windows Server 2022,Idle,15.27,80.79,68.57,15.61,10.09,21.3,311.0,6566.0,10.0,73.9,OPS-15,Infrastructure,97.34
2024-01-09 04:00:00,DC-Medellín,RACK-016,SRV-0032,Storage,RHEL 9,Running,85.27,87.02,95.92,22.4,39.8,46.7,692.0,3677.0,3.0,30.4,OPS-03,Infrastructure,88.15
2024-01-09 06:00:00,DC-Bogotá,RACK-023,SRV-0158,Database,CentOS 8,Idle,46.28,11.03,56.27,26.25,0.73,49.4,988.0,5796.0,2.0,325.2,OPS-15,Network,90.91
2024-01-09 08:00:00,DC-Miami,RACK-011,SRV-0029,Database,Windows Server 2022,Running,84.62,67.29,86.1,56.92,26.37,24.7,596.0,6363.0,1.0,50.7,OPS-02,Network,89.75
2024-01-09 10:00:00,DC-Bogotá,RACK-012,SRV-0049,Load Balancer,CentOS 8,Running,88.95,14.41,24.87,2.92,85.15,33.9,565.0,8123.0,5.0,21.1,OPS-09,Infrastructure,91.0
2024-01-09 12:00:00,DC-Miami,RACK-010,SRV-0173,Compute,RHEL 9,Running,,56.65,46.15,1.76,5.75,24.1,681.0,8222.0,,99.4,OPS-09,Infrastructure,87.26
2024-01-09 14:00:00,DC-Medellín,RACK-032,SRV-0030,Compute,Ubuntu 22.04,Running,88.05,34.45,25.23,24.87,19.14,,590.0,7690.0,5.0,345.4,OPS-01,Network,92.55
2024-01-09 16:00:00,DC-Bogotá,RACK-016,SRV-0144,Storage,Ubuntu 22.04,Failed,47.14,,96.08,59.73,2.88,37.8,887.0,1400.0,,0.5,OPS-06,DataOps,97.02
2024-01-09 18:00:00,DC-Madrid,,SRV-0168,Storage,Windows Server 2022,Running,52.98,40.0,83.72,10.75,29.48,41.5,613.0,4071.0,,32.6,OPS-10,Security,91.62
2024-01-09 20:00:00,DC-Cali,,SRV-0019,Compute,Debian 11,Running,63.9,62.81,86.5,51.29,23.99,25.3,545.0,2786.0,4.0,334.5,OPS-08,Security,92.36
2024-01-09 22:00:00,DC-Miami,RACK-012,SRV-0018,Load Balancer,Windows Server 2022,Running,92.08,38.39,93.16,15.04,15.7,25.8,,7169.0,1.0,22.5,OPS-03,Infrastructure,97.73
2024-01-10 00:00:00,DC-Cali,RACK-024,SRV-0001,Compute,Debian 11,Running,6.8,72.28,26.64,108.62,22.11,19.5,544.0,870.0,7.0,14.4,OPS-11,Network,95.59
2024-01-10 02:00:00,DC-Cali,RACK-028,SRV-0078,Load Balancer,CentOS 8,Maintenance,49.82,44.38,50.08,113.02,68.07,29.9,475.0,4196.0,8.0,101.3,OPS-09,DevOps,92.36
2024-01-10 04:00:00,DC-Bogotá,RACK-008,SRV-0115,Storage,CentOS 8,Running,69.65,15.81,25.54,17.64,6.56,38.7,899.0,,13.0,237.5,OPS-02,DevOps,88.87
2024-01-10 06:00:00,DC-Cali,RACK-028,SRV-0175,Web Server,RHEL 9,Idle,72.93,76.62,36.44,13.07,0.68,49.7,791.0,940.0,9.0,,OPS-06,Security,98.27
2024-01-10 08:00:00,DC-Madrid,RACK-036,SRV-0194,Storage,Debian 11,Restarting,,34.29,37.89,26.49,59.34,42.7,,340.0,3.0,625.8,OPS-01,DataOps,93.66
2024-01-10 10:00:00,DC-Cali,RACK-026,SRV-0113,Storage,RHEL 9,Running,17.64,46.79,56.59,13.76,25.82,34.1,518.0,7422.0,5.0,136.4,OPS-13,Security,88.32
2024-01-10 12:00:00,DC-Bogotá,RACK-008,SRV-0114,Database,,Failed,33.14,68.26,40.95,55.8,66.4,53.3,198.0,4133.0,14.0,,OPS-07,Infrastructure,89.04
2024-01-10 14:00:00,DC-Madrid,RACK-028,SRV-0166,Database,Debian 11,Running,38.72,38.26,27.88,87.45,27.26,44.6,282.0,659.0,10.0,592.6,OPS-03,DataOps,97.05
2024-01-10 16:00:00,DC-Medellín,RACK-028,SRV-0179,Database,Windows Server 2022,Running,80.62,14.81,33.06,55.9,49.85,52.4,1148.0,3457.0,9.0,62.9,OPS-07,DevOps,85.66
2024-01-10 18:00:00,DC-Cali,RACK-037,SRV-0063,Database,Ubuntu 22.04,Running,,41.78,31.49,86.96,16.85,37.5,935.0,2975.0,7.0,,OPS-04,Network,99.88
2024-01-10 20:00:00,DC-Bogotá,RACK-036,SRV-0132,Load Balancer,Ubuntu 22.04,Idle,24.81,90.28,95.9,25.29,41.57,27.6,522.0,453.0,8.0,97.9,OPS-09,Network,86.96
2024-01-10 22:00:00,DC-Medellín,RACK-027,SRV-0129,Compute,Windows Server 2022,Restarting,95.0,64.55,79.22,8.5,73.27,20.0,628.0,8184.0,11.0,43.5,OPS-05,Infrastructure,96.94
2024-01-11 00:00:00,DC-Medellín,RACK-017,SRV-0008,Web Server,Ubuntu 22.04,Running,5.83,67.08,95.49,66.96,25.47,44.9,981.0,5442.0,4.0,,OPS-03,Security,
2024-01-11 02:00:00,DC-Miami,RACK-009,SRV-0157,Storage,Debian 11,Idle,98.8,63.74,54.3,22.35,5.98,22.5,,818.0,11.0,0.2,OPS-15,Infrastructure,92.38
2024-01-11 04:00:00,DC-Madrid,,SRV-0055,Load Balancer,RHEL 9,Running,68.62,26.91,41.71,55.63,9.39,29.2,831.0,4868.0,5.0,71.6,OPS-08,Network,98.21
2024-01-11 06:00:00,DC-Cali,RACK-020,SRV-0103,Web Server,Ubuntu 22.04,Running,82.88,45.56,82.27,15.78,6.64,37.7,837.0,12.0,10.0,217.6,OPS-06,DevOps,91.19
2024-01-11 08:00:00,DC-Bogotá,RACK-013,SRV-0131,Load Balancer,Debian 11,Running,32.69,73.83,45.45,4.24,8.51,38.9,231.0,7727.0,3.0,101.9,OPS-02,Network,
2024-01-11 10:00:00,DC-Miami,RACK-028,SRV-0032,Load Balancer,CentOS 8,Restarting,6.35,18.62,43.35,245.19,10.98,40.2,236.0,920.0,4.0,856.8,OPS-03,DataOps,85.74
2024-01-11 12:00:00,DC-Madrid,RACK-029,SRV-0010,Storage,Debian 11,Idle,74.36,33.62,38.14,8.49,24.3,24.2,374.0,4920.0,6.0,40.6,OPS-08,Network,85.04
2024-01-11 14:00:00,DC-Miami,RACK-013,SRV-0110,Compute,RHEL 9,Running,83.41,33.49,30.11,222.93,26.6,32.1,165.0,2418.0,8.0,39.5,OPS-15,Network,88.67
2024-01-11 16:00:00,DC-Madrid,RACK-035,SRV-0162,Database,Debian 11,Running,74.6,46.72,40.0,189.23,16.68,40.8,971.0,,9.0,20.9,OPS-10,DataOps,95.21
2024-01-11 18:00:00,DC-Madrid,RACK-006,SRV-0124,Compute,Windows Server 2022,Running,18.43,93.33,47.71,78.95,28.67,53.9,312.0,2017.0,10.0,21.5,OPS-07,Security,86.82
2024-01-11 20:00:00,DC-Cali,RACK-018,SRV-0087,Storage,RHEL 9,Running,75.82,15.74,72.57,53.86,2.55,44.9,663.0,7957.0,12.0,40.3,OPS-10,Network,86.71
2024-01-11 22:00:00,DC-Madrid,RACK-005,SRV-0055,Storage,CentOS 8,Running,77.28,54.09,24.88,43.11,2.76,52.1,499.0,4792.0,5.0,188.9,OPS-06,Infrastructure,91.16
2024-01-12 00:00:00,DC-Miami,RACK-025,SRV-0032,Storage,Windows Server 2022,Maintenance,66.9,25.25,36.42,100.53,5.66,46.2,830.0,6830.0,,283.4,OPS-14,Network,94.72
2024-01-12 02:00:00,DC-Madrid,RACK-002,SRV-0178,Web Server,Debian 11,Running,77.01,92.51,83.1,17.09,21.9,39.9,330.0,2434.0,5.0,443.1,OPS-01,Infrastructure,95.68
2024-01-12 04:00:00,DC-Cali,RACK-010,SRV-0135,Compute,RHEL 9,Running,84.52,19.63,31.46,31.53,7.22,25.1,892.0,2868.0,7.0,31.7,OPS-09,DataOps,87.68
2024-01-12 06:00:00,DC-Cali,RACK-030,SRV-0093,Compute,CentOS 8,Running,62.68,44.31,46.73,48.3,9.99,42.7,809.0,1438.0,10.0,255.7,OPS-03,Network,86.19
2024-01-12 08:00:00,DC-Miami,RACK-005,SRV-0008,Load Balancer,Windows Server 2022,Maintenance,13.33,72.72,87.44,26.48,15.34,41.1,642.0,3543.0,3.0,47.7,OPS-14,DataOps,99.11
2024-01-12 10:00:00,DC-Medellín,RACK-033,SRV-0065,Load Balancer,CentOS 8,Idle,50.84,69.89,32.08,27.89,50.12,40.3,1072.0,1781.0,2.0,14.4,OPS-05,DataOps,88.91
2024-01-12 12:00:00,DC-Medellín,RACK-001,SRV-0057,Load Balancer,Debian 11,Running,12.3,45.93,26.45,20.05,0.42,,277.0,6343.0,13.0,244.8,OPS-07,Security,97.8
2024-01-12 14:00:00,DC-Madrid,RACK-018,SRV-0067,Storage,CentOS 8,Idle,43.31,39.45,57.79,41.53,31.44,37.6,714.0,2263.0,6.0,121.3,OPS-15,Network,97.95
2024-01-12 16:00:00,DC-Bogotá,RACK-032,SRV-0187,Compute,Ubuntu 22.04,Running,43.27,43.8,43.59,95.05,33.16,30.4,699.0,211.0,4.0,21.6,OPS-07,Infrastructure,96.59
2024-01-12 18:00:00,DC-Madrid,RACK-011,SRV-0072,Storage,Windows Server 2022,Running,11.2,,63.95,11.25,48.08,37.2,602.0,8699.0,1.0,67.4,OPS-03,Infrastructure,87.53
2024-01-12 20:00:00,DC-Miami,RACK-021,SRV-0054,Web Server,CentOS 8,Running,37.79,27.45,82.7,136.23,80.98,25.3,620.0,6159.0,1.0,40.6,OPS-15,Network,97.33
2024-01-12 22:00:00,DC-Miami,RACK-026,SRV-0067,Load Balancer,Debian 11,Running,15.43,51.06,30.7,58.41,0.61,47.8,1137.0,7027.0,10.0,160.2,OPS-04,Security,96.54
2024-01-13 00:00:00,DC-Miami,RACK-025,SRV-0051,Storage,Debian 11,Running,80.97,32.83,65.29,86.66,5.01,24.9,887.0,331.0,5.0,,OPS-10,Security,93.95
2024-01-13 02:00:00,DC-Miami,RACK-022,SRV-0097,Storage,CentOS 8,Failed,94.08,34.43,59.43,40.62,65.19,21.1,373.0,6860.0,7.0,544.3,OPS-07,Security,90.06
2024-01-13 04:00:00,DC-Miami,RACK-027,SRV-0092,Web Server,Debian 11,Maintenance,,65.82,31.24,75.6,18.4,,,8044.0,0.0,6.8,OPS-08,Infrastructure,88.94
2024-01-13 06:00:00,DC-Cali,RACK-013,SRV-0008,Database,RHEL 9,Idle,94.78,92.33,68.67,0.82,24.94,42.4,,8169.0,14.0,,OPS-02,DataOps,86.83
2024-01-13 08:00:00,DC-Medellín,RACK-033,SRV-0162,Compute,RHEL 9,Running,54.12,61.31,41.34,85.29,32.63,34.2,500.0,8742.0,10.0,78.9,OPS-09,Security,92.65
2024-01-13 10:00:00,DC-Miami,RACK-034,SRV-0035,Database,RHEL 9,Running,33.16,16.54,58.05,2.05,34.1,28.2,498.0,5720.0,5.0,,OPS-07,Infrastructure,93.78
2024-01-13 12:00:00,DC-Bogotá,RACK-035,SRV-0096,Load Balancer,Ubuntu 22.04,Idle,12.23,16.42,26.42,110.32,80.53,38.7,331.0,727.0,11.0,45.6,OPS-13,Infrastructure,90.39
2024-01-13 14:00:00,DC-Bogotá,RACK-001,SRV-0088,Storage,CentOS 8,Running,52.06,90.87,55.85,241.18,173.77,30.8,786.0,4975.0,1.0,156.8,OPS-08,DataOps,
2024-01-13 16:00:00,DC-Bogotá,RACK-021,SRV-0078,Web Server,Ubuntu 22.04,Running,79.68,35.27,43.9,17.41,38.21,52.5,1167.0,3243.0,1.0,249.3,OPS-06,Network,90.45
2024-01-13 18:00:00,DC-Bogotá,RACK-006,SRV-0032,Web Server,,Running,71.47,17.83,84.15,11.81,10.16,52.1,328.0,648.0,6.0,335.1,OPS-06,Network,94.62
2024-01-13 20:00:00,DC-Cali,RACK-028,SRV-0120,Compute,Ubuntu 22.04,Maintenance,9.72,60.92,24.44,72.49,63.55,36.6,921.0,5095.0,,196.2,OPS-09,Security,98.52
2024-01-13 22:00:00,DC-Bogotá,RACK-017,SRV-0046,Database,Debian 11,Running,11.85,63.01,52.65,14.59,1.51,30.1,1043.0,6614.0,0.0,228.1,OPS-04,Security,
2024-01-14 00:00:00,DC-Miami,RACK-005,SRV-0144,Compute,Debian 11,Running,42.87,65.12,55.76,100.33,7.88,45.3,1176.0,7135.0,5.0,96.0,OPS-11,DataOps,90.72
2024-01-14 02:00:00,DC-Madrid,RACK-031,SRV-0196,Storage,Windows Server 2022,Idle,32.76,32.73,76.55,5.43,68.3,,1165.0,1009.0,13.0,209.8,OPS-11,Security,87.11
2024-01-14 04:00:00,DC-Bogotá,,SRV-0165,Compute,RHEL 9,Running,26.84,11.28,64.79,6.73,8.88,35.6,213.0,1550.0,6.0,,OPS-05,DataOps,94.37
2024-01-14 06:00:00,DC-Cali,RACK-038,SRV-0182,Web Server,Debian 11,Running,31.41,92.03,72.04,193.52,7.48,30.4,178.0,,,61.0,OPS-09,Infrastructure,95.93
2024-01-14 08:00:00,DC-Cali,RACK-003,SRV-0142,Web Server,Windows Server 2022,Running,80.53,31.33,80.61,56.02,4.46,52.1,521.0,3401.0,7.0,45.7,OPS-01,Security,
2024-01-14 10:00:00,DC-Bogotá,RACK-023,SRV-0055,Load Balancer,RHEL 9,Running,92.35,67.46,87.25,93.83,58.79,18.4,246.0,7447.0,6.0,75.6,OPS-04,Infrastructure,89.18
2024-01-14 12:00:00,DC-Madrid,RACK-037,SRV-0176,Load Balancer,Debian 11,Idle,43.08,70.06,44.48,19.6,20.8,38.5,1142.0,5424.0,5.0,40.4,OPS-07,DevOps,99.25
2024-01-14 14:00:00,DC-Bogotá,RACK-037,SRV-0007,Storage,Debian 11,Running,90.17,61.85,61.97,56.43,33.71,45.4,170.0,4241.0,8.0,391.2,OPS-11,DataOps,85.95
2024-01-14 16:00:00,DC-Cali,RACK-010,SRV-0074,Database,,Running,35.22,36.6,85.53,45.1,8.2,35.9,884.0,3161.0,12.0,45.0,OPS-15,DevOps,94.05
2024-01-14 18:00:00,DC-Medellín,RACK-010,SRV-0007,Compute,Ubuntu 22.04,Maintenance,49.79,33.04,97.18,46.21,42.57,21.2,215.0,4155.0,2.0,12.4,OPS-09,Security,85.86
2024-01-14 20:00:00,DC-Miami,RACK-019,SRV-0161,Storage,RHEL 9,Maintenance,26.25,60.8,89.38,57.37,42.81,54.0,752.0,7478.0,10.0,89.8,OPS-15,Infrastructure,98.41
2024-01-14 22:00:00,DC-Cali,RACK-017,SRV-0151,Load Balancer,Debian 11,Maintenance,65.2,,48.97,42.83,11.25,37.2,487.0,8719.0,5.0,7.1,OPS-14,Security,92.95
2024-01-15 00:00:00,DC-Bogotá,RACK-021,SRV-0085,Compute,CentOS 8,Running,97.02,90.47,35.22,28.02,15.86,40.7,272.0,6617.0,3.0,14.1,OPS-13,DevOps,95.04
2024-01-15 02:00:00,DC-Miami,RACK-014,SRV-0147,Load Balancer,Ubuntu 22.04,Running,61.73,19.0,58.17,16.14,7.06,26.8,596.0,5660.0,1.0,29.7,OPS-11,Security,97.47
2024-01-15 04:00:00,DC-Bogotá,RACK-009,SRV-0112,Compute,RHEL 9,Restarting,38.63,23.16,77.85,73.18,112.6,35.9,760.0,8624.0,0.0,74.9,OPS-12,Network,87.25
2024-01-15 06:00:00,DC-Bogotá,RACK-001,SRV-0125,Database,Debian 11,Idle,65.89,90.3,58.42,12.83,31.12,33.9,820.0,1176.0,11.0,68.1,OPS-13,DevOps,85.58
2024-01-15 08:00:00,DC-Medellín,RACK-013,SRV-0147,Storage,Debian 11,Running,16.55,72.61,57.69,58.94,81.79,20.8,764.0,7956.0,11.0,,OPS-10,Security,98.18
2024-01-15 10:00:00,DC-Miami,RACK-004,SRV-0036,Compute,CentOS 8,Running,88.53,85.05,85.38,13.29,10.85,21.9,1046.0,8592.0,13.0,161.4,OPS-06,Infrastructure,89.72
2024-01-15 12:00:00,DC-Miami,RACK-001,SRV-0029,Web Server,RHEL 9,Running,52.29,27.22,48.19,49.09,45.68,49.0,430.0,2233.0,0.0,66.7,OPS-12,Security,86.93
2024-01-15 14:00:00,DC-Medellín,RACK-040,SRV-0188,Web Server,,Failed,47.24,59.94,87.06,68.73,43.55,26.9,745.0,4700.0,10.0,48.7,OPS-08,Infrastructure,92.03
2024-01-15 16:00:00,DC-Cali,RACK-032,SRV-0082,Compute,Ubuntu 22.04,Running,60.07,,51.73,12.34,35.3,25.2,852.0,5906.0,9.0,45.7,OPS-13,Network,93.97
2024-01-15 18:00:00,DC-Bogotá,RACK-034,SRV-0002,Compute,CentOS 8,Running,63.73,67.81,45.6,3.09,101.12,36.7,359.0,7860.0,2.0,178.5,OPS-09,Security,85.46
2024-01-15 20:00:00,DC-Madrid,RACK-028,SRV-0129,Compute,RHEL 9,Running,11.75,44.69,55.41,7.02,15.0,46.4,275.0,7526.0,3.0,6.4,OPS-10,Network,89.12
2024-01-15 22:00:00,DC-Bogotá,RACK-031,SRV-0047,Web Server,CentOS 8,Idle,69.17,11.31,79.47,46.57,4.2,20.3,641.0,5559.0,1.0,1.5,OPS-04,DevOps,85.49
2024-01-16 00:00:00,DC-Bogotá,RACK-008,SRV-0197,Web Server,Ubuntu 22.04,Maintenance,27.74,59.55,29.83,94.67,33.42,39.3,1109.0,6732.0,12.0,190.5,OPS-01,Infrastructure,91.31
2024-01-16 02:00:00,DC-Cali,RACK-039,SRV-0148,Compute,RHEL 9,Running,72.11,31.51,35.32,2.3,39.2,22.4,1119.0,2513.0,,77.8,OPS-14,DevOps,98.43
2024-01-16 04:00:00,DC-Bogotá,RACK-026,SRV-0011,Load Balancer,CentOS 8,Idle,,,94.21,66.24,25.67,19.3,730.0,7830.0,10.0,16.8,OPS-08,Infrastructure,
2024-01-16 06:00:00,DC-Medellín,RACK-034,SRV-0130,Load Balancer,Windows Server 2022,Restarting,80.57,91.39,33.69,20.88,6.95,20.0,926.0,6944.0,10.0,32.2,OPS-02,Network,94.56
2024-01-16 08:00:00,DC-Medellín,RACK-003,SRV-0195,Database,Ubuntu 22.04,Running,56.94,43.92,64.28,32.56,21.06,,407.0,7910.0,13.0,323.5,OPS-11,DataOps,87.42
2024-01-16 10:00:00,DC-Miami,RACK-012,SRV-0119,Storage,Ubuntu 22.04,Running,53.9,81.38,65.19,132.15,11.23,22.4,379.0,5649.0,10.0,235.5,OPS-01,Security,98.59
2024-01-16 12:00:00,DC-Madrid,RACK-001,SRV-0140,Load Balancer,Ubuntu 22.04,Running,18.43,26.03,58.19,20.17,16.73,19.7,338.0,1096.0,0.0,148.5,OPS-13,Network,92.74
2024-01-16 14:00:00,DC-Bogotá,RACK-005,SRV-0020,Web Server,Windows Server 2022,Idle,77.88,67.16,70.29,31.31,31.09,34.2,159.0,,3.0,79.0,OPS-07,Infrastructure,87.31
2024-01-16 16:00:00,DC-Bogotá,RACK-030,SRV-0005,Load Balancer,Windows Server 2022,Running,30.51,93.05,37.93,0.69,41.02,49.2,825.0,7799.0,14.0,,OPS-12,Infrastructure,98.83
2024-01-16 18:00:00,DC-Cali,RACK-030,SRV-0037,Database,Debian 11,Idle,51.69,18.66,63.11,4.26,7.93,27.7,651.0,595.0,6.0,443.8,OPS-10,Infrastructure,96.36
2024-01-16 20:00:00,DC-Medellín,RACK-017,SRV-0166,Database,CentOS 8,Idle,31.72,10.71,49.03,14.96,15.59,,234.0,7875.0,9.0,405.0,OPS-09,Infrastructure,
2024-01-16 22:00:00,DC-Madrid,RACK-023,SRV-0137,Storage,Debian 11,Running,17.58,46.85,71.61,1.41,9.41,19.5,198.0,4439.0,10.0,29.1,OPS-11,Security,95.64
2024-01-17 00:00:00,DC-Miami,RACK-015,SRV-0053,Load Balancer,CentOS 8,Failed,64.18,,31.02,49.9,6.64,34.6,987.0,5972.0,5.0,200.0,OPS-15,DevOps,88.01
2024-01-17 02:00:00,DC-Medellín,RACK-037,SRV-0172,Web Server,Windows Server 2022,Running,10.11,73.61,64.53,27.79,45.89,39.4,1157.0,858.0,5.0,26.4,OPS-12,DataOps,88.17
2024-01-17 04:00:00,DC-Miami,RACK-021,SRV-0099,Web Server,Windows Server 2022,Running,75.37,87.74,34.45,39.72,71.99,39.1,838.0,5519.0,10.0,28.8,OPS-12,Security,95.32
2024-01-17 06:00:00,DC-Cali,RACK-014,SRV-0086,Compute,Debian 11,Idle,34.85,46.89,41.73,9.6,13.87,30.3,536.0,7385.0,8.0,135.3,OPS-09,Infrastructure,88.3
2024-01-17 08:00:00,DC-Cali,RACK-002,SRV-0108,Web Server,RHEL 9,Idle,5.01,31.99,37.06,17.54,41.74,29.7,1119.0,8636.0,13.0,62.3,OPS-03,Security,91.58
2024-01-17 10:00:00,DC-Bogotá,RACK-011,SRV-0024,Storage,Debian 11,Running,53.05,46.92,34.26,54.51,68.19,21.9,,4317.0,14.0,321.8,OPS-06,Network,96.73
2024-01-17 12:00:00,DC-Madrid,RACK-039,SRV-0081,Storage,CentOS 8,Maintenance,9.4,71.49,84.41,168.05,56.15,31.6,367.0,3454.0,1.0,11.2,OPS-07,Infrastructure,96.76
2024-01-17 14:00:00,DC-Miami,RACK-038,SRV-0158,Web Server,Debian 11,Failed,30.96,10.77,42.29,2.59,6.06,,1154.0,1030.0,3.0,86.0,OPS-14,DataOps,91.8
2024-01-17 16:00:00,DC-Medellín,RACK-034,SRV-0120,Web Server,Ubuntu 22.04,Running,71.46,60.1,92.32,110.54,93.91,46.4,,7906.0,4.0,300.9,OPS-10,Infrastructure,96.88
2024-01-17 18:00:00,DC-Cali,RACK-038,SRV-0059,Compute,CentOS 8,,,,95.65,43.01,14.18,53.8,385.0,1447.0,0.0,281.4,OPS-09,DataOps,97.58
2024-01-17 20:00:00,DC-Bogotá,RACK-034,SRV-0128,Web Server,CentOS 8,Running,83.9,64.2,64.56,41.5,12.43,53.9,1199.0,2850.0,7.0,,OPS-15,DataOps,94.82
2024-01-17 22:00:00,DC-Bogotá,RACK-018,SRV-0114,Compute,RHEL 9,Running,,30.57,31.15,34.69,1.93,50.0,420.0,8106.0,7.0,54.8,OPS-02,DevOps,88.43
2024-01-18 00:00:00,DC-Miami,RACK-030,SRV-0115,Compute,Windows Server 2022,Running,28.2,70.69,49.21,3.6,19.98,40.2,272.0,7151.0,5.0,115.8,OPS-08,DevOps,89.11
2024-01-18 02:00:00,DC-Cali,RACK-015,SRV-0014,Web Server,CentOS 8,Maintenance,74.64,17.77,82.22,4.71,3.46,43.9,805.0,6952.0,11.0,,OPS-14,Security,89.72
2024-01-18 04:00:00,DC-Madrid,RACK-027,SRV-0009,Database,,Idle,34.73,26.94,48.66,45.93,8.57,28.6,408.0,4055.0,4.0,,OPS-07,Security,86.75
2024-01-18 06:00:00,DC-Cali,RACK-034,SRV-0040,Database,Debian 11,Running,14.58,84.58,26.79,20.85,11.44,41.3,1097.0,5402.0,7.0,295.5,OPS-04,DataOps,89.1
2024-01-18 08:00:00,DC-Miami,RACK-038,SRV-0194,Compute,Ubuntu 22.04,Running,,72.79,63.43,124.61,49.64,34.9,196.0,1672.0,2.0,21.9,OPS-02,Infrastructure,88.14
2024-01-18 10:00:00,DC-Miami,RACK-033,SRV-0025,Web Server,RHEL 9,,,11.17,85.92,26.09,62.5,35.8,1012.0,4532.0,2.0,15.5,OPS-08,Network,91.83
2024-01-18 12:00:00,DC-Cali,RACK-024,SRV-0103,Database,Windows Server 2022,Running,84.21,31.11,82.08,7.73,10.81,46.0,674.0,4924.0,1.0,10.7,OPS-11,Network,
2024-01-18 14:00:00,DC-Miami,RACK-015,SRV-0022,Web Server,CentOS 8,Maintenance,34.45,28.22,33.66,62.71,58.71,28.4,,6085.0,4.0,288.2,OPS-05,Infrastructure,86.57
2024-01-18 16:00:00,DC-Cali,RACK-030,SRV-0004,Web Server,Windows Server 2022,Maintenance,79.16,33.02,72.48,17.36,58.4,29.8,357.0,,2.0,25.8,OPS-06,Infrastructure,95.8
2024-01-18 18:00:00,DC-Medellín,RACK-017,SRV-0154,Web Server,CentOS 8,Running,88.84,31.04,37.2,37.27,43.4,52.2,896.0,4864.0,2.0,,OPS-14,DevOps,95.31
2024-01-18 20:00:00,DC-Cali,RACK-005,SRV-0186,Load Balancer,Windows Server 2022,Restarting,45.78,,37.02,59.84,4.76,20.1,298.0,1221.0,14.0,71.5,OPS-11,Network,
2024-01-18 22:00:00,DC-Cali,RACK-029,SRV-0029,Web Server,CentOS 8,Running,90.53,49.01,88.18,115.26,35.17,36.0,587.0,2860.0,5.0,109.7,OPS-07,DataOps,98.84
2024-01-19 00:00:00,DC-Miami,RACK-004,SRV-0109,Load Balancer,Debian 11,Restarting,40.47,72.28,39.47,78.56,87.03,51.8,304.0,8428.0,,8.9,OPS-15,Security,93.53
2024-01-19 02:00:00,DC-Miami,RACK-010,SRV-0098,Compute,CentOS 8,Idle,95.62,61.57,40.53,56.41,34.42,40.6,507.0,3253.0,,30.9,OPS-15,DevOps,
2024-01-19 04:00:00,DC-Bogotá,RACK-017,SRV-0037,Database,CentOS 8,Idle,13.39,67.19,20.05,56.91,12.09,38.2,605.0,3782.0,3.0,321.7,OPS-10,Network,96.35
2024-01-19 06:00:00,DC-Bogotá,RACK-010,SRV-0075,Database,Ubuntu 22.04,Running,69.58,16.9,87.91,145.87,20.83,27.2,925.0,6957.0,10.0,286.9,OPS-01,Infrastructure,88.86
2024-01-19 08:00:00,DC-Medellín,RACK-017,SRV-0070,Database,CentOS 8,Maintenance,51.42,90.88,81.82,17.54,31.13,30.7,778.0,766.0,6.0,182.4,OPS-08,Network,95.4
2024-01-19 10:00:00,DC-Bogotá,RACK-020,SRV-0146,Database,Ubuntu 22.04,Running,41.44,81.27,68.93,0.06,21.44,49.5,981.0,2681.0,0.0,2.4,OPS-04,DataOps,85.6
2024-01-19 12:00:00,DC-Cali,RACK-024,SRV-0128,Database,RHEL 9,Running,64.47,78.43,78.52,15.87,3.83,,635.0,7710.0,0.0,47.5,OPS-13,DevOps,97.59
2024-01-19 14:00:00,DC-Miami,RACK-005,SRV-0085,Database,Ubuntu 22.04,Running,71.16,79.95,31.86,12.29,11.22,37.0,,7482.0,11.0,118.7,OPS-09,Infrastructure,91.72
2024-01-19 16:00:00,DC-Bogotá,RACK-034,SRV-0042,Database,Debian 11,Running,5.41,89.28,55.75,54.21,48.64,21.7,349.0,5086.0,12.0,38.6,OPS-01,DataOps,94.55
2024-01-19 18:00:00,DC-Bogotá,RACK-006,SRV-0100,Compute,Ubuntu 22.04,Running,20.69,56.26,47.4,50.22,59.29,18.6,520.0,7964.0,9.0,288.4,OPS-11,Security,
2024-01-19 20:00:00,DC-Medellín,RACK-002,SRV-0041,Web Server,,Idle,72.03,27.02,27.31,45.0,4.43,53.7,1163.0,,6.0,120.6,OPS-02,DevOps,95.16
2024-01-19 22:00:00,DC-Medellín,RACK-013,SRV-0166,Storage,Debian 11,Maintenance,67.64,,57.92,0.82,91.34,,1002.0,3513.0,13.0,9.0,OPS-14,DataOps,96.58
2024-01-20 00:00:00,DC-Cali,RACK-011,SRV-0034,Load Balancer,Windows Server 2022,Running,,,91.82,65.24,11.96,40.3,397.0,495.0,,287.6,OPS-06,DataOps,92.1
2024-01-20 02:00:00,DC-Miami,RACK-023,SRV-0017,Storage,Windows Server 2022,Idle,76.54,72.72,23.12,19.54,32.57,20.9,937.0,5822.0,0.0,379.7,OPS-11,Infrastructure,94.27
2024-01-20 04:00:00,DC-Medellín,RACK-016,SRV-0165,Storage,Ubuntu 22.04,Running,94.37,54.32,42.73,54.69,41.81,43.3,413.0,2072.0,0.0,9.7,OPS-10,Security,91.84
2024-01-20 06:00:00,DC-Bogotá,RACK-031,SRV-0153,Web Server,Ubuntu 22.04,Maintenance,,15.82,36.19,40.66,50.13,52.5,,7795.0,3.0,91.2,OPS-11,DataOps,98.41
2024-01-20 08:00:00,DC-Miami,RACK-011,SRV-0122,Web Server,RHEL 9,Maintenance,33.02,41.54,38.58,20.98,87.42,39.3,,8529.0,4.0,43.4,OPS-14,DevOps,92.47
2024-01-20 10:00:00,DC-Miami,RACK-016,SRV-0076,Web Server,RHEL 9,Running,14.9,88.27,90.86,7.23,11.26,22.7,651.0,3949.0,4.0,59.9,OPS-01,DataOps,97.63
2024-01-20 12:00:00,DC-Bogotá,RACK-008,SRV-0087,Database,CentOS 8,Idle,78.49,59.68,56.51,4.96,58.67,39.5,1035.0,6033.0,3.0,23.8,OPS-04,Network,97.02
2024-01-20 14:00:00,DC-Medellín,RACK-004,SRV-0117,Compute,RHEL 9,Running,65.55,55.76,56.37,89.05,4.24,46.4,698.0,8328.0,7.0,103.6,OPS-08,DevOps,91.16
2024-01-20 16:00:00,DC-Bogotá,RACK-040,SRV-0106,Database,CentOS 8,Running,9.53,32.85,79.32,125.29,36.63,33.0,988.0,2555.0,6.0,380.4,OPS-15,DevOps,88.45
2024-01-20 18:00:00,DC-Miami,RACK-004,SRV-0086,Compute,Debian 11,Maintenance,38.84,41.32,32.05,52.46,40.64,,997.0,,8.0,83.9,OPS-10,DataOps,91.09
2024-01-20 20:00:00,DC-Madrid,RACK-025,SRV-0027,Compute,Ubuntu 22.04,Running,94.94,86.1,58.01,5.46,33.97,,763.0,4415.0,6.0,10.4,OPS-05,Infrastructure,97.39
2024-01-20 22:00:00,DC-Madrid,RACK-003,SRV-0057,Storage,Debian 11,Running,52.04,66.65,53.54,25.71,8.72,,561.0,5959.0,14.0,116.1,OPS-13,DevOps,88.41
2024-01-21 00:00:00,DC-Cali,RACK-032,SRV-0031,Storage,RHEL 9,Running,45.68,76.93,66.56,65.27,61.92,41.1,581.0,5993.0,9.0,49.9,OPS-09,Network,92.87
2024-01-21 02:00:00,DC-Bogotá,RACK-003,SRV-0134,Compute,Debian 11,Maintenance,48.02,48.62,97.97,75.67,5.55,22.9,827.0,5021.0,0.0,232.5,OPS-11,Infrastructure,97.09
2024-01-21 04:00:00,DC-Bogotá,RACK-027,SRV-0168,Compute,Debian 11,,24.63,63.57,80.02,6.29,1.65,29.5,308.0,2907.0,12.0,68.4,OPS-11,Infrastructure,90.3
2024-01-21 06:00:00,DC-Cali,RACK-029,SRV-0098,Database,Debian 11,Running,39.66,31.11,51.03,0.0,37.92,25.5,163.0,2914.0,13.0,25.7,OPS-06,Infrastructure,94.63
2024-01-21 08:00:00,DC-Cali,RACK-032,SRV-0012,Database,RHEL 9,Idle,39.76,69.96,84.55,62.26,19.36,51.6,522.0,3870.0,6.0,25.5,OPS-01,DevOps,88.68
2024-01-21 10:00:00,DC-Cali,RACK-019,SRV-0053,Storage,Debian 11,Maintenance,9.92,46.35,33.32,22.05,56.73,46.1,374.0,5085.0,0.0,175.7,OPS-06,Infrastructure,86.64
2024-01-21 12:00:00,DC-Miami,RACK-021,SRV-0199,Web Server,CentOS 8,Running,77.15,47.62,22.38,14.68,14.51,43.0,660.0,6546.0,6.0,37.0,OPS-06,DataOps,96.92
2024-01-21 14:00:00,DC-Bogotá,RACK-005,SRV-0138,Compute,RHEL 9,Running,44.15,65.19,35.95,0.65,5.53,29.1,752.0,395.0,9.0,174.9,OPS-13,Infrastructure,86.48
2024-01-21 16:00:00,DC-Miami,RACK-018,SRV-0173,Database,Debian 11,Running,82.28,89.58,46.55,38.86,54.32,,365.0,938.0,7.0,27.7,OPS-06,Network,89.07
2024-01-21 18:00:00,DC-Cali,RACK-028,SRV-0145,Storage,RHEL 9,Running,84.93,15.44,59.83,95.24,23.88,46.0,1137.0,2510.0,10.0,46.6,OPS-08,Security,97.83
2024-01-21 20:00:00,DC-Bogotá,RACK-022,SRV-0154,Database,Windows Server 2022,Running,24.93,80.1,67.98,158.07,6.29,35.5,989.0,4636.0,8.0,,OPS-15,Network,
2024-01-21 22:00:00,DC-Miami,RACK-021,SRV-0190,Compute,CentOS 8,Idle,66.79,34.85,91.03,41.71,38.23,26.4,876.0,1649.0,,344.2,OPS-06,DevOps,99.6
2024-01-22 00:00:00,DC-Miami,RACK-006,SRV-0122,Compute,Debian 11,Idle,49.39,47.73,59.77,36.12,21.47,40.8,703.0,3690.0,2.0,322.1,OPS-05,Infrastructure,99.7
2024-01-22 02:00:00,DC-Cali,RACK-001,SRV-0046,Load Balancer,Windows Server 2022,Idle,87.73,11.86,59.1,4.44,27.81,19.5,825.0,,14.0,27.8,OPS-15,Infrastructure,
2024-01-22 04:00:00,DC-Bogotá,RACK-005,SRV-0064,Web Server,Windows Server 2022,Running,25.28,35.59,23.92,39.8,18.54,30.1,1022.0,3201.0,3.0,53.2,OPS-11,DataOps,85.61
2024-01-22 06:00:00,DC-Cali,RACK-012,SRV-0130,Load Balancer,RHEL 9,,68.71,52.72,22.72,23.9,52.93,35.3,432.0,4179.0,3.0,19.4,OPS-02,Infrastructure,95.58
2024-01-22 08:00:00,DC-Bogotá,RACK-026,SRV-0054,Storage,Windows Server 2022,Running,62.13,14.77,62.99,46.71,53.08,23.5,983.0,8405.0,11.0,85.6,OPS-04,Network,91.76
2024-01-22 10:00:00,DC-Madrid,RACK-034,SRV-0107,Database,CentOS 8,Restarting,32.76,51.74,54.18,24.61,37.07,54.4,686.0,3237.0,8.0,74.1,OPS-14,DevOps,86.51
2024-01-22 12:00:00,DC-Medellín,RACK-014,SRV-0193,Storage,CentOS 8,Idle,17.84,88.8,85.46,13.74,3.34,25.7,1072.0,3862.0,12.0,277.2,OPS-15,Security,95.61
2024-01-22 14:00:00,DC-Medellín,,SRV-0051,Compute,Ubuntu 22.04,Running,66.25,18.96,32.53,4.99,54.76,22.8,991.0,58.0,6.0,319.1,OPS-10,Infrastructure,85.47
2024-01-22 16:00:00,DC-Medellín,RACK-027,SRV-0181,Load Balancer,CentOS 8,Idle,74.43,74.98,21.95,18.91,33.35,25.5,1097.0,4938.0,2.0,58.1,OPS-05,Security,98.05
2024-01-22 18:00:00,DC-Cali,RACK-009,SRV-0036,Load Balancer,Windows Server 2022,Running,34.67,44.82,55.03,5.08,35.82,,,2971.0,9.0,81.2,OPS-10,Infrastructure,87.08
2024-01-22 20:00:00,DC-Madrid,RACK-026,SRV-0115,Load Balancer,CentOS 8,Idle,65.61,65.69,38.52,9.73,13.53,33.7,216.0,8314.0,4.0,,OPS-04,DevOps,86.91
2024-01-22 22:00:00,DC-Bogotá,RACK-022,SRV-0026,Storage,RHEL 9,Running,42.14,32.12,23.87,218.45,63.43,38.9,155.0,3345.0,,,OPS-02,Network,87.64
2024-01-23 00:00:00,DC-Miami,RACK-030,SRV-0029,Compute,Ubuntu 22.04,,72.04,23.56,76.52,29.36,38.77,18.8,786.0,2486.0,7.0,0.4,OPS-07,DevOps,99.4
2024-01-23 02:00:00,DC-Bogotá,RACK-017,SRV-0149,Database,Windows Server 2022,Maintenance,23.73,23.64,28.7,37.95,3.58,19.3,463.0,561.0,0.0,46.3,OPS-10,Security,95.4
2024-01-23 04:00:00,DC-Miami,RACK-026,SRV-0011,Database,Ubuntu 22.04,Running,88.68,15.99,67.45,103.42,15.72,34.5,714.0,3981.0,11.0,65.7,OPS-10,Infrastructure,97.02
2024-01-23 06:00:00,DC-Bogotá,RACK-036,SRV-0040,Storage,Windows Server 2022,Maintenance,32.02,25.78,41.92,270.96,65.25,48.2,975.0,6261.0,1.0,31.3,OPS-02,Security,90.96
2024-01-23 08:00:00,DC-Madrid,RACK-001,SRV-0011,Load Balancer,RHEL 9,Running,39.57,66.46,33.53,43.7,1.45,50.8,655.0,1737.0,6.0,,OPS-01,Network,90.04
2024-01-23 10:00:00,DC-Miami,RACK-008,SRV-0164,Web Server,Ubuntu 22.04,Idle,10.46,84.94,49.62,83.69,97.65,,1175.0,3554.0,10.0,4.6,OPS-14,DevOps,88.52
2024-01-23 12:00:00,DC-Cali,RACK-035,SRV-0113,Storage,Debian 11,Idle,,79.2,82.51,19.8,34.1,37.9,353.0,7095.0,14.0,123.7,OPS-05,Security,92.21
2024-01-23 14:00:00,DC-Bogotá,RACK-015,SRV-0187,Storage,Windows Server 2022,Running,53.49,68.24,50.58,18.25,29.94,51.8,811.0,8266.0,12.0,36.5,OPS-12,Security,93.28
2024-01-23 16:00:00,DC-Bogotá,RACK-022,SRV-0039,Compute,Debian 11,Running,30.15,19.39,78.56,25.77,9.46,32.4,954.0,294.0,13.0,6.5,OPS-13,Network,94.48
2024-01-23 18:00:00,DC-Miami,RACK-014,SRV-0054,Database,Ubuntu 22.04,Running,83.54,34.58,29.79,55.81,8.58,48.7,553.0,8212.0,12.0,31.5,OPS-01,Infrastructure,88.86
2024-01-23 20:00:00,DC-Cali,RACK-026,SRV-0098,Storage,Debian 11,Running,6.38,36.33,80.28,57.32,85.45,22.9,685.0,5330.0,14.0,194.3,OPS-01,Security,99.23
2024-01-23 22:00:00,DC-Cali,RACK-028,SRV-0055,Storage,Debian 11,Running,40.63,31.25,38.48,18.93,10.63,52.6,726.0,4655.0,1.0,228.9,OPS-15,Network,87.55
2024-01-24 00:00:00,DC-Madrid,RACK-023,SRV-0111,Load Balancer,Ubuntu 22.04,Idle,36.71,53.78,72.84,7.15,44.82,45.8,912.0,1109.0,6.0,79.2,OPS-01,Infrastructure,99.48
2024-01-24 02:00:00,DC-Cali,RACK-014,SRV-0152,Load Balancer,RHEL 9,Failed,6.82,55.52,64.13,50.04,14.98,52.8,266.0,3771.0,14.0,64.6,OPS-06,Infrastructure,85.22
2024-01-24 04:00:00,DC-Cali,RACK-024,SRV-0150,Web Server,Debian 11,Maintenance,16.69,40.34,92.47,6.87,4.5,43.0,777.0,8563.0,8.0,457.2,OPS-09,DevOps,92.22
2024-01-24 06:00:00,DC-Cali,RACK-002,SRV-0069,Compute,Debian 11,Idle,43.88,40.07,50.21,43.2,0.32,31.4,898.0,6123.0,10.0,26.9,OPS-10,Network,90.0
2024-01-24 08:00:00,DC-Medellín,RACK-026,SRV-0056,Web Server,RHEL 9,Idle,51.33,80.43,25.16,59.11,23.57,52.7,254.0,7647.0,1.0,29.1,OPS-13,Infrastructure,91.74
2024-01-24 10:00:00,DC-Madrid,RACK-014,SRV-0033,Load Balancer,Debian 11,Idle,43.0,77.09,21.49,60.3,111.62,28.2,644.0,1174.0,6.0,41.4,OPS-11,DevOps,93.56
2024-01-24 12:00:00,DC-Bogotá,RACK-007,SRV-0036,Database,Debian 11,Running,54.91,,84.49,70.01,13.82,30.3,195.0,1164.0,3.0,22.8,OPS-12,DataOps,91.53
2024-01-24 14:00:00,DC-Miami,RACK-003,SRV-0148,Load Balancer,Debian 11,Failed,60.94,87.67,60.93,103.12,13.26,43.9,,8712.0,10.0,57.2,OPS-01,Network,91.22
2024-01-24 16:00:00,DC-Bogotá,RACK-023,SRV-0081,Compute,CentOS 8,Idle,5.93,90.99,80.47,34.65,12.65,46.3,1131.0,4466.0,12.0,290.1,OPS-05,DataOps,
2024-01-24 18:00:00,DC-Madrid,RACK-018,SRV-0190,Load Balancer,RHEL 9,Running,48.62,37.77,38.29,65.51,22.05,52.4,1109.0,5538.0,1.0,114.6,OPS-15,Infrastructure,95.29
2024-01-24 20:00:00,DC-Miami,RACK-038,SRV-0109,Compute,Debian 11,Running,,40.13,46.92,48.27,17.43,25.6,994.0,7111.0,12.0,63.7,OPS-09,Network,97.5
2024-01-24 22:00:00,DC-Madrid,RACK-035,SRV-0154,Compute,RHEL 9,Running,53.79,52.98,22.35,10.33,63.59,47.5,,8434.0,,326.9,OPS-14,DevOps,88.75
2024-01-25 00:00:00,DC-Cali,RACK-015,SRV-0194,Compute,Windows Server 2022,Running,68.69,90.0,95.0,1.3,21.13,45.3,685.0,2800.0,12.0,6.0,OPS-09,Infrastructure,94.14
2024-01-25 02:00:00,DC-Miami,RACK-025,SRV-0073,Compute,Windows Server 2022,Maintenance,34.32,84.49,72.09,16.74,21.26,20.4,660.0,4607.0,4.0,28.3,OPS-01,Network,93.78
2024-01-25 04:00:00,DC-Cali,RACK-037,SRV-0040,Compute,Debian 11,Running,77.76,18.72,92.79,29.26,4.47,32.3,689.0,7262.0,0.0,,OPS-08,Network,90.55
2024-01-25 06:00:00,DC-Bogotá,RACK-028,SRV-0017,Database,RHEL 9,Running,77.65,43.38,40.71,48.0,121.78,28.5,165.0,1541.0,4.0,114.7,OPS-01,DataOps,92.29
2024-01-25 08:00:00,DC-Bogotá,RACK-010,SRV-0129,Web Server,RHEL 9,Restarting,54.0,57.04,67.69,94.84,8.63,29.3,392.0,2765.0,11.0,,OPS-15,Infrastructure,89.71
2024-01-25 10:00:00,DC-Miami,,SRV-0061,Storage,,Running,96.75,52.77,72.92,10.92,2.29,54.4,1061.0,4491.0,11.0,61.9,OPS-08,DevOps,87.13
2024-01-25 12:00:00,DC-Miami,RACK-017,SRV-0171,Web Server,CentOS 8,Running,16.8,26.48,44.77,6.71,32.64,41.8,910.0,3083.0,2.0,125.7,OPS-01,DevOps,88.21
2024-01-25 14:00:00,DC-Madrid,RACK-039,SRV-0104,Compute,Windows Server 2022,Running,6.59,83.0,86.15,165.49,27.14,44.6,854.0,5356.0,6.0,143.7,OPS-12,Infrastructure,86.58
2024-01-25 16:00:00,DC-Madrid,RACK-022,SRV-0042,Database,RHEL 9,Idle,77.39,67.54,93.88,5.72,16.09,54.1,264.0,1857.0,5.0,122.0,OPS-05,Infrastructure,95.25
2024-01-25 18:00:00,DC-Cali,RACK-026,SRV-0025,Load Balancer,RHEL 9,Failed,80.87,81.22,89.02,32.55,16.46,32.0,546.0,769.0,7.0,46.4,OPS-08,Security,94.91
2024-01-25 20:00:00,DC-Miami,RACK-025,SRV-0039,Database,CentOS 8,Running,16.3,82.99,77.65,44.04,46.12,47.7,543.0,1422.0,12.0,11.8,OPS-06,DataOps,99.26
2024-01-25 22:00:00,DC-Bogotá,RACK-017,SRV-0035,Compute,CentOS 8,Maintenance,29.96,73.61,41.64,38.98,6.53,34.1,,8598.0,4.0,66.8,OPS-09,Infrastructure,95.95
2024-01-26 00:00:00,DC-Madrid,RACK-013,SRV-0131,Database,RHEL 9,Running,6.65,47.33,41.97,4.5,51.49,50.2,446.0,2972.0,1.0,16.5,OPS-01,Infrastructure,85.78
2024-01-26 02:00:00,DC-Madrid,RACK-020,SRV-0108,Database,Ubuntu 22.04,Failed,32.57,61.9,95.14,2.94,31.39,24.7,1151.0,1872.0,8.0,353.9,OPS-09,Security,98.26
2024-01-26 04:00:00,DC-Bogotá,RACK-025,SRV-0172,Compute,RHEL 9,Idle,77.68,23.63,20.8,5.57,16.29,53.1,327.0,5599.0,13.0,77.4,OPS-01,Security,97.94
2024-01-26 06:00:00,DC-Madrid,RACK-004,SRV-0179,Database,RHEL 9,Maintenance,53.69,67.26,75.85,44.04,18.38,26.1,1116.0,2269.0,10.0,45.8,OPS-10,Network,91.65
2024-01-26 08:00:00,DC-Cali,RACK-010,SRV-0102,Storage,CentOS 8,Running,37.72,25.24,75.09,39.3,8.9,30.1,464.0,5275.0,7.0,174.4,OPS-10,DevOps,93.79
2024-01-26 10:00:00,DC-Miami,RACK-003,SRV-0098,Storage,CentOS 8,Restarting,39.94,68.99,68.57,13.31,41.84,46.0,408.0,4749.0,5.0,82.7,OPS-03,DataOps,99.64
2024-01-26 12:00:00,DC-Bogotá,RACK-018,SRV-0012,Database,RHEL 9,Idle,5.13,29.52,97.23,50.77,21.58,32.6,,6571.0,12.0,44.5,OPS-01,Network,92.98
2024-01-26 14:00:00,DC-Miami,RACK-036,SRV-0019,Load Balancer,RHEL 9,Running,33.18,19.99,44.33,85.76,11.61,40.5,198.0,5072.0,9.0,200.5,OPS-03,Infrastructure,
2024-01-26 16:00:00,DC-Madrid,RACK-022,SRV-0101,Compute,RHEL 9,Maintenance,65.77,24.05,46.52,2.12,27.19,,310.0,5463.0,6.0,242.2,OPS-12,Security,86.25
2024-01-26 18:00:00,DC-Madrid,RACK-034,SRV-0044,Storage,CentOS 8,Running,96.57,10.17,26.16,34.47,163.72,45.5,325.0,7450.0,8.0,134.1,OPS-11,DevOps,87.87
2024-01-26 20:00:00,DC-Bogotá,RACK-008,SRV-0187,Load Balancer,RHEL 9,Maintenance,84.62,71.09,54.54,58.45,17.14,26.4,1175.0,8420.0,6.0,5.8,OPS-13,Network,91.61
2024-01-26 22:00:00,DC-Cali,RACK-040,SRV-0049,Database,RHEL 9,Running,7.22,72.25,40.36,14.54,76.03,20.2,1150.0,3959.0,2.0,100.3,OPS-02,DevOps,93.77
2024-01-27 00:00:00,DC-Medellín,RACK-019,SRV-0189,Load Balancer,Debian 11,Idle,89.46,53.77,46.78,18.39,12.69,29.1,604.0,1313.0,5.0,172.9,OPS-02,Security,97.24
2024-01-27 02:00:00,DC-Bogotá,RACK-037,SRV-0017,Web Server,Ubuntu 22.04,Running,78.62,23.72,85.1,47.55,1.69,35.5,425.0,7847.0,10.0,17.6,OPS-09,Network,99.82
2024-01-27 04:00:00,DC-Medellín,RACK-006,SRV-0074,Storage,Windows Server 2022,Running,78.36,17.1,92.97,114.11,6.85,24.2,647.0,1070.0,12.0,31.2,OPS-08,Network,90.83
2024-01-27 06:00:00,DC-Medellín,RACK-026,SRV-0057,Database,Ubuntu 22.04,Running,48.05,11.63,34.49,83.02,16.27,31.1,825.0,3285.0,10.0,257.0,OPS-01,DevOps,85.71
2024-01-27 08:00:00,DC-Cali,RACK-034,SRV-0055,Compute,Debian 11,Running,42.41,24.09,49.06,43.75,7.44,32.8,,3095.0,6.0,2.4,OPS-12,Security,97.02
2024-01-27 10:00:00,DC-Medellín,RACK-006,SRV-0047,Database,Windows Server 2022,Running,33.47,85.72,92.43,65.51,0.01,20.1,205.0,,1.0,167.7,OPS-14,Infrastructure,94.07
2024-01-27 12:00:00,DC-Medellín,RACK-037,SRV-0012,Compute,RHEL 9,Running,11.18,30.53,24.82,22.69,73.95,39.6,696.0,2321.0,2.0,77.0,OPS-04,Network,87.98
2024-01-27 14:00:00,DC-Cali,RACK-033,SRV-0062,Database,Debian 11,Running,26.45,40.11,27.2,51.22,55.71,50.7,185.0,555.0,3.0,71.0,OPS-13,Infrastructure,92.42
2024-01-27 16:00:00,DC-Medellín,RACK-022,SRV-0080,Load Balancer,RHEL 9,Running,,18.95,32.7,31.38,40.68,23.6,588.0,4939.0,9.0,0.9,OPS-01,Security,96.13
2024-01-27 18:00:00,DC-Medellín,RACK-021,SRV-0083,Load Balancer,CentOS 8,Running,50.5,28.9,66.43,10.53,5.51,40.1,744.0,5432.0,5.0,205.4,OPS-01,Network,96.56
2024-01-27 20:00:00,DC-Medellín,RACK-006,SRV-0008,Load Balancer,Debian 11,Idle,75.26,54.13,31.74,60.49,3.85,42.6,456.0,1386.0,0.0,53.5,OPS-12,Network,92.49
2024-01-27 22:00:00,DC-Bogotá,RACK-006,SRV-0149,Web Server,CentOS 8,Running,49.54,61.66,95.51,40.65,2.1,33.5,768.0,4763.0,8.0,93.4,OPS-12,Infrastructure,89.58
2024-01-28 00:00:00,DC-Bogotá,RACK-004,SRV-0081,Compute,Debian 11,Failed,,30.85,54.84,22.21,38.62,43.9,506.0,6854.0,4.0,,OPS-04,DataOps,99.61
2024-01-28 02:00:00,DC-Bogotá,RACK-030,SRV-0118,Load Balancer,,Maintenance,95.03,14.91,59.12,121.15,79.27,33.2,330.0,7637.0,,145.5,OPS-02,Infrastructure,94.95
2024-01-28 04:00:00,DC-Cali,RACK-011,SRV-0198,Web Server,CentOS 8,Idle,93.62,43.24,39.24,1.06,16.89,36.7,217.0,4841.0,11.0,374.8,OPS-03,Infrastructure,
2024-01-28 06:00:00,DC-Madrid,RACK-030,SRV-0200,Compute,Windows Server 2022,Running,78.81,29.91,56.73,18.97,3.81,,441.0,3867.0,13.0,90.9,OPS-11,DataOps,89.21
2024-01-28 08:00:00,DC-Medellín,RACK-031,SRV-0025,Database,Ubuntu 22.04,Maintenance,98.18,28.66,71.63,2.93,21.55,43.6,841.0,3793.0,6.0,61.2,OPS-09,Security,95.97
2024-01-28 10:00:00,DC-Medellín,RACK-024,SRV-0089,Web Server,RHEL 9,Running,56.18,91.59,78.59,72.73,12.87,42.5,,7373.0,8.0,368.7,OPS-02,Security,88.63
2024-01-28 12:00:00,DC-Cali,RACK-009,SRV-0012,Storage,Debian 11,Running,95.5,62.39,78.8,60.55,14.09,19.4,,2513.0,8.0,123.3,OPS-04,Network,87.58
2024-01-28 14:00:00,DC-Medellín,RACK-003,SRV-0143,Web Server,RHEL 9,Running,12.11,57.33,65.08,20.12,29.13,31.6,1063.0,3803.0,0.0,42.5,OPS-01,DevOps,92.95
2024-01-28 16:00:00,DC-Bogotá,RACK-031,SRV-0059,Web Server,CentOS 8,Idle,,45.34,90.54,56.3,38.05,54.2,215.0,2327.0,14.0,16.2,OPS-02,DevOps,89.35
2024-01-28 18:00:00,DC-Madrid,RACK-040,SRV-0154,Compute,RHEL 9,Running,26.19,46.46,83.76,25.2,3.52,33.6,1194.0,2165.0,0.0,221.8,OPS-05,Network,94.43
2024-01-28 20:00:00,DC-Miami,RACK-037,SRV-0109,Database,CentOS 8,Running,23.41,55.98,79.05,70.58,1.09,36.6,533.0,3308.0,2.0,54.0,OPS-14,DevOps,86.77
2024-01-28 22:00:00,DC-Medellín,RACK-036,SRV-0026,Storage,RHEL 9,Restarting,18.24,69.2,24.34,30.27,155.18,51.7,188.0,6452.0,5.0,129.6,OPS-10,Infrastructure,94.82
2024-01-29 00:00:00,DC-Bogotá,RACK-024,SRV-0047,Load Balancer,Ubuntu 22.04,Maintenance,63.51,69.68,20.54,26.58,7.95,,971.0,8067.0,1.0,76.4,OPS-15,Infrastructure,89.25
2024-01-29 02:00:00,DC-Miami,RACK-031,SRV-0032,Load Balancer,Ubuntu 22.04,Running,78.44,24.59,36.57,136.46,1.66,39.5,751.0,7642.0,9.0,26.6,OPS-01,DataOps,85.0
2024-01-29 04:00:00,DC-Madrid,RACK-006,SRV-0010,Web Server,Ubuntu 22.04,Running,59.36,52.51,71.75,14.44,6.32,47.5,934.0,6404.0,11.0,110.5,OPS-11,DataOps,86.9
2024-01-29 06:00:00,DC-Miami,RACK-002,SRV-0016,Compute,Ubuntu 22.04,Maintenance,18.81,45.02,52.07,6.42,1.19,50.0,820.0,992.0,10.0,7.5,OPS-07,Network,99.0
2024-01-29 08:00:00,DC-Bogotá,RACK-020,SRV-0199,Compute,Ubuntu 22.04,Running,81.25,83.99,51.39,43.92,14.92,34.9,628.0,5424.0,0.0,64.0,OPS-04,Network,98.01
2024-01-29 10:00:00,DC-Miami,RACK-028,SRV-0145,Load Balancer,Ubuntu 22.04,Running,64.78,63.67,89.0,174.21,48.65,35.6,710.0,4381.0,0.0,,OPS-06,Network,88.5
2024-01-29 12:00:00,DC-Cali,RACK-011,SRV-0151,Storage,CentOS 8,Running,41.49,55.26,89.85,23.73,12.52,32.3,250.0,3174.0,12.0,68.7,OPS-08,Infrastructure,96.68
2024-01-29 14:00:00,DC-Miami,RACK-004,SRV-0026,Database,Debian 11,Failed,68.37,19.81,90.92,3.2,17.62,,663.0,4782.0,4.0,165.7,OPS-13,DevOps,94.13
2024-01-29 16:00:00,DC-Medellín,RACK-015,SRV-0086,Storage,RHEL 9,Idle,29.43,61.48,44.48,20.72,33.77,43.8,325.0,5560.0,3.0,211.2,OPS-06,Network,99.56
2024-01-29 18:00:00,DC-Medellín,RACK-006,SRV-0135,Database,Ubuntu 22.04,Maintenance,37.45,19.96,73.9,35.25,21.33,21.1,387.0,7460.0,0.0,177.0,OPS-14,Network,90.6
2024-01-29 20:00:00,DC-Cali,RACK-030,SRV-0014,Load Balancer,CentOS 8,Maintenance,91.24,38.66,41.19,8.83,59.29,49.9,1059.0,3078.0,3.0,4.8,OPS-02,Infrastructure,95.22
2024-01-29 22:00:00,DC-Bogotá,RACK-038,SRV-0079,Database,CentOS 8,Running,32.31,22.14,34.87,53.66,60.31,35.8,1020.0,2983.0,2.0,25.9,OPS-01,Infrastructure,85.95
2024-01-30 00:00:00,DC-Medellín,RACK-002,SRV-0117,Compute,CentOS 8,Running,49.18,,34.4,304.83,0.3,20.5,,7259.0,1.0,92.3,OPS-08,Infrastructure,
2024-01-30 02:00:00,DC-Madrid,RACK-015,SRV-0007,Web Server,Debian 11,Running,88.67,27.53,46.68,30.05,45.16,38.3,1096.0,6054.0,8.0,327.7,OPS-08,DevOps,99.46
2024-01-30 04:00:00,DC-Medellín,RACK-011,SRV-0137,Web Server,RHEL 9,Running,71.53,43.31,53.54,21.9,18.53,33.4,904.0,2523.0,13.0,216.2,OPS-09,Network,93.08
2024-01-30 06:00:00,DC-Medellín,RACK-008,SRV-0115,Load Balancer,Debian 11,Running,10.85,,84.81,25.6,134.86,50.5,360.0,4581.0,14.0,,OPS-06,Security,89.32
2024-01-30 08:00:00,DC-Bogotá,RACK-026,SRV-0176,Compute,Windows Server 2022,Idle,18.85,27.37,29.35,6.12,19.8,25.5,289.0,5609.0,10.0,43.4,OPS-12,Security,86.8
2024-01-30 10:00:00,DC-Miami,RACK-005,SRV-0072,Storage,CentOS 8,Idle,5.74,53.16,77.32,107.4,130.05,,690.0,2001.0,0.0,,OPS-01,Network,95.55
2024-01-30 12:00:00,DC-Medellín,RACK-006,SRV-0059,Compute,Windows Server 2022,Maintenance,64.31,45.64,61.45,26.79,42.14,38.6,419.0,1387.0,6.0,76.3,OPS-14,Network,94.67
2024-01-30 14:00:00,DC-Cali,RACK-026,SRV-0082,Web Server,Ubuntu 22.04,Running,47.08,11.54,42.46,24.49,8.57,20.0,1185.0,6552.0,13.0,20.5,OPS-09,Network,
2024-01-30 16:00:00,DC-Miami,RACK-004,SRV-0116,Web Server,Ubuntu 22.04,Idle,17.62,77.38,58.44,53.89,23.19,54.0,,1030.0,12.0,3.8,OPS-12,Network,99.26
2024-01-30 18:00:00,DC-Madrid,RACK-019,SRV-0167,Compute,Debian 11,Idle,95.05,15.87,43.4,29.17,145.36,37.0,181.0,,3.0,,OPS-13,DevOps,85.33
2024-01-30 20:00:00,DC-Bogotá,RACK-020,SRV-0146,Compute,RHEL 9,Running,54.79,50.31,66.49,52.24,58.46,28.8,962.0,6035.0,4.0,33.0,OPS-15,Security,89.56
2024-01-30 22:00:00,DC-Madrid,RACK-033,SRV-0187,Web Server,Windows Server 2022,Idle,27.74,57.66,53.84,3.17,3.07,35.4,511.0,6523.0,9.0,32.9,OPS-14,DataOps,98.82
2024-01-31 00:00:00,DC-Miami,RACK-020,SRV-0103,Storage,RHEL 9,Running,52.06,,32.82,84.03,36.76,49.7,1078.0,8074.0,4.0,10.4,OPS-03,Security,89.81
2024-01-31 02:00:00,DC-Miami,RACK-012,SRV-0017,Load Balancer,Debian 11,Running,,68.53,29.09,141.09,12.72,29.3,249.0,834.0,0.0,316.6,OPS-11,Security,88.78
2024-01-31 04:00:00,DC-Miami,RACK-001,SRV-0014,Load Balancer,Ubuntu 22.04,Running,12.17,31.53,62.64,52.32,0.21,25.1,158.0,1724.0,,,OPS-06,Infrastructure,93.01
2024-01-31 06:00:00,DC-Madrid,RACK-026,SRV-0159,Compute,RHEL 9,Running,30.82,10.85,90.39,154.57,15.5,22.8,846.0,,12.0,132.0,OPS-10,Network,97.36
2024-01-31 08:00:00,DC-Miami,RACK-014,SRV-0152,Load Balancer,RHEL 9,Running,80.85,71.49,46.83,8.21,8.03,29.0,,2413.0,8.0,291.1,OPS-13,Network,86.55
2024-01-31 10:00:00,DC-Madrid,RACK-038,SRV-0108,Web Server,Ubuntu 22.04,Idle,48.21,55.53,77.17,32.45,51.26,46.9,1070.0,5993.0,1.0,50.9,OPS-10,Network,99.15
2024-01-31 12:00:00,DC-Miami,RACK-037,SRV-0188,Web Server,Windows Server 2022,Restarting,56.38,81.07,71.38,46.04,12.34,35.5,539.0,4498.0,6.0,116.6,OPS-15,Infrastructure,96.93
2024-01-31 14:00:00,DC-Cali,RACK-011,SRV-0045,Compute,Ubuntu 22.04,Idle,45.68,79.82,92.66,43.58,52.72,26.4,781.0,2105.0,5.0,4.7,OPS-11,DevOps,87.72
2024-01-31 16:00:00,DC-Miami,RACK-036,SRV-0098,Compute,RHEL 9,Idle,9.13,81.68,84.04,25.66,0.02,24.1,831.0,2568.0,4.0,24.8,OPS-12,DevOps,95.68
2024-01-31 18:00:00,DC-Madrid,RACK-013,SRV-0131,Compute,Windows Server 2022,Running,20.58,51.23,64.2,20.63,11.04,30.3,306.0,209.0,3.0,213.5,OPS-14,DataOps,90.77
2024-01-31 20:00:00,DC-Medellín,RACK-003,SRV-0037,Storage,Windows Server 2022,Idle,46.88,38.36,71.25,6.78,8.28,52.8,484.0,4911.0,3.0,174.7,OPS-15,DevOps,91.03
2024-01-31 22:00:00,DC-Miami,RACK-033,SRV-0171,Load Balancer,Ubuntu 22.04,Running,24.66,77.28,90.07,24.86,7.98,30.7,409.0,2220.0,5.0,51.8,OPS-09,DevOps,96.75
2024-02-01 00:00:00,DC-Medellín,RACK-006,SRV-0168,Compute,RHEL 9,Running,9.7,48.36,51.16,8.88,2.12,54.6,231.0,233.0,3.0,56.7,OPS-11,Network,99.44
2024-02-01 02:00:00,DC-Cali,RACK-010,SRV-0183,Database,Debian 11,Running,84.3,25.59,45.49,66.28,6.22,36.0,903.0,792.0,4.0,91.5,OPS-13,Security,86.9
2024-02-01 04:00:00,DC-Bogotá,RACK-005,SRV-0108,Database,RHEL 9,,97.23,82.67,20.84,11.71,24.33,24.6,869.0,3110.0,12.0,0.0,OPS-03,DevOps,91.31
2024-02-01 06:00:00,DC-Cali,RACK-023,SRV-0039,Web Server,CentOS 8,Running,79.56,85.02,84.47,3.02,10.33,51.0,224.0,2166.0,5.0,33.1,OPS-05,DevOps,92.21
2024-02-01 08:00:00,DC-Miami,RACK-010,SRV-0015,Load Balancer,Debian 11,Running,85.26,49.64,82.48,40.19,16.21,35.0,775.0,8526.0,4.0,28.0,OPS-13,Infrastructure,90.64
2024-02-01 10:00:00,DC-Medellín,RACK-002,SRV-0120,Compute,Windows Server 2022,Running,,16.43,28.15,45.22,14.19,44.3,211.0,5193.0,6.0,34.6,OPS-14,DataOps,90.45
2024-02-01 12:00:00,DC-Medellín,RACK-013,SRV-0004,Database,Debian 11,Restarting,95.3,42.97,64.99,102.75,62.6,54.4,1023.0,1214.0,8.0,196.7,OPS-05,Infrastructure,85.78
2024-02-01 14:00:00,DC-Madrid,RACK-040,SRV-0093,Load Balancer,Windows Server 2022,Running,23.51,78.3,56.19,43.02,70.71,19.9,469.0,4419.0,9.0,39.4,OPS-10,Network,95.28
2024-02-01 16:00:00,DC-Medellín,RACK-002,SRV-0153,Web Server,Windows Server 2022,,94.43,86.65,29.26,21.19,20.37,21.6,251.0,7314.0,,25.5,OPS-07,Security,91.54
2024-02-01 18:00:00,DC-Madrid,RACK-020,SRV-0141,Storage,Debian 11,Running,98.51,27.3,96.48,81.23,12.02,,1023.0,8475.0,6.0,84.2,OPS-04,DataOps,87.92
2024-02-01 20:00:00,DC-Bogotá,RACK-001,SRV-0161,Load Balancer,Windows Server 2022,,71.9,15.69,36.75,38.86,3.39,28.4,1103.0,212.0,3.0,240.9,OPS-11,Infrastructure,97.24
2024-02-01 22:00:00,DC-Miami,RACK-037,SRV-0016,Load Balancer,Windows Server 2022,Running,97.23,84.57,25.24,4.13,91.99,24.8,404.0,1658.0,0.0,33.1,OPS-04,DevOps,97.04
2024-02-02 00:00:00,DC-Madrid,RACK-009,SRV-0170,Storage,CentOS 8,Running,,43.1,66.4,41.72,1.86,19.5,,5024.0,13.0,9.8,OPS-07,DevOps,92.3
2024-02-02 02:00:00,DC-Bogotá,RACK-017,SRV-0108,Load Balancer,RHEL 9,Running,29.4,56.05,77.63,119.31,10.6,18.8,261.0,5917.0,7.0,52.9,OPS-09,DataOps,89.48
2024-02-02 04:00:00,DC-Medellín,RACK-009,SRV-0126,Web Server,RHEL 9,Running,46.08,92.29,22.53,25.23,10.62,46.7,1134.0,5141.0,3.0,165.2,OPS-15,DevOps,94.57
2024-02-02 06:00:00,DC-Medellín,RACK-011,SRV-0194,Web Server,CentOS 8,Running,60.79,15.66,71.38,17.57,11.59,23.0,1147.0,1794.0,0.0,,OPS-11,Infrastructure,89.32
2024-02-02 08:00:00,DC-Bogotá,RACK-015,SRV-0055,Storage,Debian 11,Running,11.87,65.11,61.52,7.74,5.38,35.3,610.0,5988.0,4.0,203.7,OPS-04,Infrastructure,88.54
2024-02-02 10:00:00,DC-Medellín,RACK-024,SRV-0170,Compute,Ubuntu 22.04,Running,63.5,16.3,28.05,8.21,45.86,40.4,857.0,8296.0,13.0,385.0,OPS-04,DevOps,95.96
2024-02-02 12:00:00,DC-Bogotá,RACK-038,SRV-0034,Database,Ubuntu 22.04,Running,97.23,41.91,33.46,28.35,3.92,33.8,1036.0,5578.0,13.0,188.8,OPS-06,DevOps,85.6
2024-02-02 14:00:00,DC-Madrid,RACK-035,SRV-0158,Compute,Ubuntu 22.04,Running,22.87,78.32,64.3,45.28,30.23,19.0,669.0,5551.0,7.0,111.1,OPS-06,Network,86.42
2024-02-02 16:00:00,DC-Madrid,RACK-030,SRV-0013,Load Balancer,CentOS 8,Maintenance,79.5,46.85,43.12,4.2,3.97,47.0,961.0,3845.0,3.0,81.6,OPS-07,Security,85.1
2024-02-02 18:00:00,DC-Bogotá,RACK-031,SRV-0141,Database,CentOS 8,Running,90.34,94.76,93.19,140.31,2.19,18.4,385.0,6906.0,12.0,4.9,OPS-15,DataOps,87.29
2024-02-02 20:00:00,DC-Madrid,RACK-005,SRV-0018,Storage,Windows Server 2022,Running,93.71,57.52,83.86,70.35,72.05,46.2,1076.0,378.0,11.0,498.7,OPS-01,Infrastructure,86.03
2024-02-02 22:00:00,DC-Madrid,RACK-014,SRV-0160,Storage,Ubuntu 22.04,Running,95.25,37.3,96.72,44.17,6.33,51.1,706.0,3293.0,7.0,58.0,OPS-13,DataOps,99.94
2024-02-03 00:00:00,DC-Madrid,RACK-011,SRV-0096,Database,,Failed,54.02,28.71,40.25,88.14,51.65,34.0,798.0,3329.0,7.0,19.8,OPS-11,Network,89.33
2024-02-03 02:00:00,DC-Cali,RACK-009,SRV-0123,Web Server,Debian 11,Running,96.87,,95.64,4.18,23.6,37.8,383.0,,2.0,131.8,OPS-14,Infrastructure,87.24
2024-02-03 04:00:00,DC-Miami,RACK-034,SRV-0039,Database,Ubuntu 22.04,Running,76.19,41.67,53.64,32.39,2.43,35.6,728.0,7937.0,8.0,40.1,OPS-03,Network,88.61
2024-02-03 06:00:00,DC-Medellín,RACK-012,SRV-0046,Load Balancer,Ubuntu 22.04,Idle,20.2,15.84,47.11,49.73,93.33,32.4,,224.0,2.0,,OPS-09,Network,99.04
2024-02-03 08:00:00,DC-Cali,RACK-035,SRV-0029,Web Server,Ubuntu 22.04,Running,49.83,41.41,23.93,88.2,8.51,50.8,263.0,737.0,0.0,106.0,OPS-06,DevOps,92.8
2024-02-03 10:00:00,DC-Madrid,RACK-035,SRV-0190,Storage,CentOS 8,Running,72.52,49.46,24.12,76.5,58.91,51.1,,235.0,1.0,70.8,OPS-06,DataOps,90.47
2024-02-03 12:00:00,DC-Bogotá,RACK-001,SRV-0062,Database,CentOS 8,Running,28.25,71.43,73.98,16.22,5.55,30.4,792.0,711.0,14.0,217.0,OPS-05,DataOps,98.1
2024-02-03 14:00:00,DC-Madrid,RACK-040,SRV-0185,Compute,CentOS 8,Maintenance,65.22,65.82,55.72,141.41,57.71,40.8,,,5.0,36.9,OPS-11,DevOps,90.92
2024-02-03 16:00:00,DC-Miami,RACK-022,SRV-0016,Compute,RHEL 9,Running,67.66,70.25,37.67,6.64,0.4,52.3,846.0,1888.0,11.0,71.4,OPS-03,DataOps,90.03
2024-02-03 18:00:00,DC-Madrid,RACK-029,SRV-0184,Load Balancer,Debian 11,Idle,20.29,10.71,67.89,104.03,21.51,53.6,402.0,7173.0,9.0,,OPS-11,DevOps,
2024-02-03 20:00:00,DC-Bogotá,RACK-008,SRV-0121,Compute,Debian 11,Restarting,58.12,28.5,39.72,176.92,44.02,36.8,1054.0,1259.0,1.0,130.7,OPS-05,Infrastructure,90.67
2024-02-03 22:00:00,DC-Miami,RACK-011,SRV-0010,Database,Windows Server 2022,Running,77.53,,65.06,9.75,81.91,34.8,535.0,5246.0,5.0,183.9,OPS-14,Network,89.75
2024-02-04 00:00:00,DC-Madrid,RACK-037,SRV-0158,Database,CentOS 8,Running,51.9,51.14,48.02,64.02,71.97,28.3,211.0,7271.0,13.0,60.3,OPS-01,Network,95.16
2024-02-04 02:00:00,DC-Miami,RACK-014,SRV-0153,Compute,RHEL 9,Running,6.14,10.45,84.24,2.06,51.38,53.5,664.0,748.0,0.0,124.6,OPS-03,DataOps,89.34
2024-02-04 04:00:00,DC-Medellín,RACK-030,SRV-0103,Database,RHEL 9,Running,5.85,78.38,84.01,26.0,65.73,23.3,579.0,3551.0,10.0,19.6,OPS-04,Security,93.66
2024-02-04 06:00:00,DC-Medellín,RACK-035,SRV-0084,Load Balancer,Debian 11,,38.56,75.69,57.23,36.31,6.67,39.5,,6400.0,12.0,323.7,OPS-05,Network,85.99
2024-02-04 08:00:00,DC-Madrid,RACK-021,SRV-0133,Web Server,CentOS 8,Failed,92.06,56.62,47.36,43.45,10.03,28.5,892.0,6643.0,0.0,58.0,OPS-10,DevOps,87.87
2024-02-04 10:00:00,DC-Miami,RACK-037,SRV-0065,Load Balancer,Windows Server 2022,Idle,26.5,15.65,48.28,137.39,10.23,28.3,824.0,8701.0,4.0,156.9,OPS-09,Security,91.11
2024-02-04 12:00:00,DC-Bogotá,RACK-005,SRV-0177,Load Balancer,CentOS 8,Idle,64.63,75.15,82.85,55.78,14.2,33.0,460.0,1823.0,9.0,2.5,OPS-04,Security,
2024-02-04 14:00:00,DC-Madrid,RACK-019,SRV-0003,Database,Ubuntu 22.04,Running,25.88,59.62,45.6,32.82,14.99,55.0,620.0,,12.0,27.6,OPS-03,Network,90.66
2024-02-04 16:00:00,DC-Medellín,RACK-014,SRV-0173,Web Server,CentOS 8,Maintenance,35.24,76.47,36.31,82.95,23.59,20.0,958.0,7777.0,10.0,80.1,OPS-10,Network,94.96
2024-02-04 18:00:00,DC-Medellín,RACK-026,SRV-0142,Database,,Restarting,84.72,73.9,26.61,150.32,5.23,39.4,321.0,4232.0,8.0,252.7,OPS-01,Network,88.83
2024-02-04 20:00:00,DC-Madrid,RACK-004,SRV-0120,Storage,Ubuntu 22.04,Maintenance,,78.26,56.4,1.12,35.26,21.1,725.0,6519.0,13.0,89.9,OPS-13,DevOps,86.91
2024-02-04 22:00:00,DC-Miami,RACK-025,SRV-0158,Database,Windows Server 2022,Running,13.97,54.03,57.61,202.34,5.5,23.7,180.0,1777.0,7.0,318.9,OPS-10,Security,85.88
2024-02-05 00:00:00,DC-Medellín,RACK-025,SRV-0068,Database,Debian 11,Idle,45.3,21.93,85.59,4.5,11.15,34.3,196.0,1222.0,2.0,79.4,OPS-06,DataOps,89.58
2024-02-05 02:00:00,DC-Miami,RACK-018,SRV-0146,Database,CentOS 8,Running,7.74,67.05,37.26,84.2,21.0,36.9,279.0,7630.0,14.0,80.9,OPS-07,DevOps,87.36
2024-02-05 04:00:00,DC-Medellín,,SRV-0190,Web Server,Ubuntu 22.04,Running,50.2,62.74,49.72,16.45,47.75,,501.0,1777.0,2.0,15.3,OPS-10,Infrastructure,87.61
2024-02-05 06:00:00,DC-Medellín,RACK-008,SRV-0037,Database,CentOS 8,Running,67.27,73.09,83.06,7.09,40.35,29.7,1127.0,7490.0,14.0,194.7,OPS-15,Network,
2024-02-05 08:00:00,DC-Cali,RACK-039,SRV-0153,Web Server,Debian 11,Idle,16.14,24.44,84.24,28.98,31.11,21.2,207.0,4859.0,0.0,34.0,OPS-08,Security,
2024-02-05 10:00:00,DC-Medellín,RACK-040,SRV-0176,Compute,Debian 11,Idle,32.16,26.57,50.0,51.64,5.08,29.2,961.0,8118.0,13.0,275.8,OPS-12,DevOps,93.37
2024-02-05 12:00:00,DC-Bogotá,RACK-014,SRV-0193,Storage,RHEL 9,Running,42.4,85.68,55.81,23.98,23.76,53.8,917.0,2989.0,2.0,290.1,OPS-01,Infrastructure,90.69
2024-02-05 14:00:00,DC-Madrid,RACK-032,SRV-0181,Web Server,,Running,91.44,73.75,43.66,2.81,2.75,53.0,832.0,8343.0,14.0,344.4,OPS-12,DevOps,92.6
2024-02-05 16:00:00,DC-Madrid,RACK-038,SRV-0073,Compute,Windows Server 2022,Running,98.37,87.2,92.74,45.75,14.21,30.4,1146.0,1325.0,13.0,88.1,OPS-04,DevOps,93.44
2024-02-05 18:00:00,DC-Miami,RACK-033,SRV-0143,Web Server,Ubuntu 22.04,,9.22,74.49,29.25,116.35,16.01,39.1,435.0,5127.0,11.0,135.6,OPS-11,DataOps,89.7
2024-02-05 20:00:00,DC-Medellín,RACK-023,SRV-0049,Web Server,RHEL 9,,76.53,60.76,92.83,24.16,1.22,51.7,1035.0,2722.0,11.0,180.9,OPS-05,DataOps,89.43
2024-02-05 22:00:00,DC-Bogotá,RACK-015,SRV-0121,Storage,Windows Server 2022,Running,39.94,65.6,73.34,12.19,9.61,18.2,546.0,4656.0,11.0,16.9,OPS-02,DevOps,
2024-02-06 00:00:00,DC-Miami,RACK-033,SRV-0088,Load Balancer,CentOS 8,Idle,41.89,85.58,61.46,29.22,93.47,48.0,175.0,1325.0,12.0,110.2,OPS-01,Infrastructure,98.07
2024-02-06 02:00:00,DC-Cali,RACK-025,SRV-0196,Load Balancer,Ubuntu 22.04,Running,75.9,59.2,22.55,2.48,92.13,53.1,462.0,4133.0,10.0,4.2,OPS-08,Security,87.89
2024-02-06 04:00:00,DC-Miami,RACK-017,SRV-0140,Web Server,Debian 11,Running,91.33,63.75,57.1,85.88,13.03,21.4,275.0,2869.0,0.0,82.6,OPS-06,Security,86.46
2024-02-06 06:00:00,DC-Miami,,SRV-0187,Database,Ubuntu 22.04,Running,94.39,23.3,51.8,87.53,1.32,24.0,960.0,1242.0,7.0,20.2,OPS-05,Network,98.47
2024-02-06 08:00:00,DC-Medellín,RACK-002,SRV-0037,Compute,CentOS 8,Failed,59.25,50.28,32.58,44.34,5.92,53.5,337.0,8539.0,0.0,24.2,OPS-13,Network,90.25
2024-02-06 10:00:00,DC-Cali,RACK-014,SRV-0061,Database,RHEL 9,Idle,38.57,70.89,71.2,21.78,14.94,37.9,847.0,1831.0,4.0,54.5,OPS-09,Security,93.27
2024-02-06 12:00:00,DC-Miami,RACK-040,SRV-0171,Database,RHEL 9,Idle,79.03,33.03,95.75,80.42,88.57,,959.0,1569.0,8.0,68.0,OPS-13,DevOps,90.39
2024-02-06 14:00:00,DC-Bogotá,RACK-040,SRV-0124,Web Server,,Running,28.59,27.19,63.85,40.45,4.57,27.5,865.0,7246.0,,117.1,OPS-11,DevOps,86.89
2024-02-06 16:00:00,DC-Bogotá,RACK-039,SRV-0198,Web Server,Debian 11,Running,58.02,36.68,75.75,87.42,43.26,,599.0,1918.0,3.0,9.3,OPS-13,DataOps,93.84
2024-02-06 18:00:00,DC-Madrid,RACK-006,SRV-0039,Web Server,Windows Server 2022,Running,38.71,30.53,25.34,49.91,3.45,,672.0,6416.0,10.0,84.1,OPS-11,DataOps,92.88
2024-02-06 20:00:00,DC-Cali,RACK-006,SRV-0184,Web Server,Windows Server 2022,Idle,66.72,28.27,52.58,76.72,119.31,45.1,1135.0,3232.0,8.0,24.2,OPS-02,Network,88.04
2024-02-06 22:00:00,DC-Cali,,SRV-0063,Load Balancer,Ubuntu 22.04,Failed,,,29.08,45.64,14.42,54.8,807.0,3758.0,8.0,102.4,OPS-10,Security,91.78
2024-02-07 00:00:00,DC-Madrid,RACK-007,SRV-0046,Web Server,Debian 11,Idle,23.01,87.17,67.8,26.73,44.78,28.6,746.0,5997.0,1.0,121.7,OPS-12,DevOps,96.95
2024-02-07 02:00:00,DC-Miami,RACK-008,SRV-0088,Load Balancer,RHEL 9,Maintenance,91.31,53.1,93.2,158.44,12.58,37.9,249.0,2355.0,9.0,97.6,OPS-08,Security,93.86
2024-02-07 04:00:00,DC-Cali,RACK-015,SRV-0011,Load Balancer,RHEL 9,Idle,14.57,,71.62,38.95,29.64,37.7,765.0,1824.0,9.0,160.9,OPS-11,Infrastructure,86.45
2024-02-07 06:00:00,DC-Bogotá,RACK-029,SRV-0062,Web Server,CentOS 8,Running,52.56,16.54,25.99,46.45,6.4,33.0,1097.0,7280.0,10.0,49.1,OPS-14,Security,93.22
2024-02-07 08:00:00,DC-Bogotá,RACK-033,SRV-0077,Storage,CentOS 8,Failed,25.76,69.17,47.66,12.45,4.74,24.3,705.0,4060.0,11.0,173.8,OPS-10,Infrastructure,95.54
2024-02-07 10:00:00,DC-Medellín,RACK-030,SRV-0153,Compute,RHEL 9,Running,8.66,42.54,62.95,49.13,83.45,54.2,427.0,5324.0,5.0,68.0,OPS-13,DataOps,96.89
2024-02-07 12:00:00,DC-Cali,RACK-039,SRV-0199,Database,RHEL 9,Running,8.39,79.86,51.45,42.39,74.9,,640.0,404.0,3.0,79.4,OPS-09,DataOps,94.44
2024-02-07 14:00:00,DC-Miami,RACK-027,SRV-0052,Load Balancer,Debian 11,Running,21.47,66.06,85.02,10.22,65.54,36.4,404.0,1721.0,7.0,125.3,OPS-01,Network,87.29
2024-02-07 16:00:00,DC-Madrid,RACK-036,SRV-0004,Compute,Windows Server 2022,Running,86.48,77.68,83.54,3.07,29.46,40.3,530.0,5316.0,11.0,2.2,OPS-07,Security,95.65
2024-02-07 18:00:00,DC-Madrid,RACK-029,SRV-0059,Storage,CentOS 8,Running,31.55,33.12,67.72,46.36,49.55,,1041.0,3845.0,10.0,127.4,OPS-08,Security,95.16
2024-02-07 20:00:00,DC-Miami,RACK-038,SRV-0072,Database,Windows Server 2022,Running,94.34,68.85,49.13,72.13,2.15,38.1,691.0,4210.0,6.0,115.7,OPS-03,Infrastructure,85.37
2024-02-07 22:00:00,DC-Medellín,RACK-033,SRV-0148,Database,Debian 11,Running,59.67,32.45,39.92,37.05,12.23,,974.0,64.0,6.0,44.5,OPS-14,DataOps,91.18
2024-02-08 00:00:00,DC-Madrid,RACK-037,SRV-0093,Load Balancer,RHEL 9,Running,46.04,89.82,28.26,12.86,11.29,37.1,1028.0,,10.0,10.8,OPS-04,Infrastructure,89.99
2024-02-08 02:00:00,DC-Cali,RACK-027,SRV-0063,Web Server,Windows Server 2022,Running,59.53,,47.68,54.91,30.29,54.6,430.0,968.0,9.0,11.4,OPS-13,DataOps,95.04
2024-02-08 04:00:00,DC-Medellín,RACK-033,SRV-0054,Storage,RHEL 9,Running,,37.58,52.23,4.17,13.2,40.6,922.0,368.0,8.0,,OPS-03,Infrastructure,88.24
2024-02-08 06:00:00,DC-Cali,RACK-004,SRV-0117,Load Balancer,RHEL 9,Running,76.32,32.91,72.71,29.15,4.82,31.7,992.0,8424.0,12.0,140.3,OPS-07,DataOps,93.86
2024-02-08 08:00:00,DC-Bogotá,RACK-022,SRV-0110,Storage,Ubuntu 22.04,Running,31.55,26.23,71.34,8.92,27.22,46.6,868.0,2242.0,4.0,16.3,OPS-09,Infrastructure,98.7
2024-02-08 10:00:00,DC-Medellín,RACK-002,SRV-0074,Web Server,Windows Server 2022,Idle,38.19,69.04,25.47,10.2,50.52,24.3,,5002.0,5.0,52.9,OPS-03,DataOps,96.97
2024-02-08 12:00:00,DC-Madrid,,SRV-0107,Web Server,,Idle,,28.59,50.83,11.3,14.44,32.2,360.0,3083.0,0.0,107.7,OPS-13,Infrastructure,98.82
2024-02-08 14:00:00,DC-Medellín,RACK-005,SRV-0057,Load Balancer,RHEL 9,Maintenance,93.97,60.6,34.18,24.45,4.26,30.8,876.0,8073.0,5.0,,OPS-06,Security,99.68
2024-02-08 16:00:00,DC-Medellín,RACK-010,SRV-0169,Web Server,Debian 11,Idle,,32.49,32.23,2.63,6.57,34.0,,1469.0,1.0,,OPS-08,Network,85.16
2024-02-08 18:00:00,DC-Medellín,RACK-033,SRV-0003,Compute,Ubuntu 22.04,Running,44.43,,84.53,25.36,8.13,46.9,701.0,4725.0,5.0,32.4,OPS-06,Infrastructure,94.34
2024-02-08 20:00:00,DC-Medellín,RACK-038,SRV-0120,Database,RHEL 9,Idle,78.35,79.27,23.27,35.84,10.7,35.9,175.0,4259.0,8.0,264.6,OPS-02,Network,91.19
2024-02-08 22:00:00,DC-Cali,RACK-013,SRV-0006,Load Balancer,CentOS 8,Running,49.78,76.13,52.7,33.01,30.88,47.4,176.0,3622.0,7.0,1.1,OPS-13,Security,97.9
2024-02-09 00:00:00,DC-Bogotá,RACK-031,SRV-0005,Storage,CentOS 8,Running,51.77,74.67,33.12,24.13,27.56,39.3,851.0,823.0,8.0,27.0,OPS-07,Security,88.78
2024-02-09 02:00:00,DC-Miami,RACK-036,SRV-0005,Compute,Ubuntu 22.04,Idle,24.24,25.96,88.59,91.36,35.73,30.7,831.0,3431.0,12.0,383.4,OPS-02,DataOps,99.72
2024-02-09 04:00:00,DC-Medellín,RACK-024,SRV-0054,Load Balancer,,Running,60.57,17.51,63.45,7.85,13.51,48.0,562.0,6528.0,14.0,114.0,OPS-02,Network,94.21
2024-02-09 06:00:00,DC-Madrid,RACK-015,SRV-0047,Web Server,RHEL 9,Idle,22.5,69.41,38.05,35.23,52.12,26.8,316.0,4151.0,9.0,36.4,OPS-02,DevOps,96.9
2024-02-09 08:00:00,DC-Medellín,RACK-029,SRV-0177,Web Server,Windows Server 2022,Maintenance,36.17,41.31,59.19,3.2,6.85,26.3,318.0,4213.0,7.0,8.3,OPS-11,DataOps,86.28
2024-02-09 10:00:00,DC-Madrid,,SRV-0009,Web Server,Ubuntu 22.04,Maintenance,,46.75,77.06,3.69,18.99,36.7,378.0,7420.0,2.0,3.4,OPS-15,Network,87.75
2024-02-09 12:00:00,DC-Cali,RACK-005,SRV-0099,Web Server,Debian 11,Failed,24.47,12.65,94.73,42.65,48.42,27.7,516.0,779.0,7.0,33.7,OPS-01,Infrastructure,96.38
2024-02-09 14:00:00,DC-Madrid,RACK-029,SRV-0020,Storage,Windows Server 2022,Running,11.69,32.06,37.19,41.74,5.96,18.3,677.0,2892.0,5.0,255.9,OPS-14,Infrastructure,85.33
2024-02-09 16:00:00,DC-Miami,RACK-004,SRV-0122,Compute,CentOS 8,Running,11.49,12.86,89.12,105.2,3.49,42.0,940.0,5534.0,12.0,,OPS-11,Security,97.25
2024-02-09 18:00:00,DC-Bogotá,RACK-012,SRV-0061,Database,CentOS 8,Running,93.43,84.73,92.88,40.81,64.54,36.9,673.0,3306.0,5.0,152.9,OPS-01,DevOps,85.21
2024-02-09 20:00:00,DC-Madrid,RACK-002,SRV-0123,Storage,Windows Server 2022,Running,52.65,30.69,91.48,160.68,12.6,34.5,,2902.0,,300.5,OPS-14,Infrastructure,94.86
2024-02-09 22:00:00,DC-Madrid,RACK-027,SRV-0163,Storage,Ubuntu 22.04,,43.48,57.37,69.56,2.5,34.55,53.8,881.0,3718.0,2.0,62.9,OPS-07,Network,90.48
2024-02-10 00:00:00,DC-Bogotá,RACK-031,SRV-0178,Database,CentOS 8,Idle,81.22,13.31,69.13,5.16,0.77,39.1,1114.0,21.0,9.0,25.5,OPS-15,Network,94.17
2024-02-10 02:00:00,DC-Miami,RACK-036,SRV-0082,Database,RHEL 9,Idle,,66.68,51.45,2.25,35.14,49.9,282.0,1500.0,0.0,87.4,OPS-13,Infrastructure,95.44
2024-02-10 04:00:00,DC-Medellín,RACK-036,SRV-0062,Web Server,Windows Server 2022,Running,36.23,37.46,78.69,10.25,11.4,23.2,683.0,3641.0,11.0,286.4,OPS-14,Network,90.14
2024-02-10 06:00:00,DC-Madrid,RACK-026,SRV-0145,Storage,Windows Server 2022,Running,70.2,86.32,61.44,38.96,1.72,39.1,1124.0,,13.0,195.8,OPS-14,Network,86.62
2024-02-10 08:00:00,DC-Bogotá,RACK-027,SRV-0003,Load Balancer,CentOS 8,Running,77.49,85.49,72.84,51.86,28.23,,418.0,191.0,3.0,8.2,OPS-15,Security,86.04
2024-02-10 10:00:00,DC-Cali,RACK-005,SRV-0160,Database,Ubuntu 22.04,Running,66.54,37.65,53.42,2.33,8.26,39.6,822.0,8587.0,9.0,141.5,OPS-14,DevOps,93.83
2024-02-10 12:00:00,DC-Bogotá,RACK-020,SRV-0013,Database,RHEL 9,Maintenance,19.25,,77.06,145.91,14.67,44.6,940.0,7174.0,11.0,101.8,OPS-12,Security,92.81
2024-02-10 14:00:00,DC-Cali,RACK-011,SRV-0120,Compute,Ubuntu 22.04,Running,87.33,94.67,84.31,92.31,2.52,31.8,167.0,5114.0,5.0,285.6,OPS-05,DevOps,96.13
2024-02-10 16:00:00,DC-Miami,RACK-010,SRV-0125,Load Balancer,Debian 11,Running,55.67,80.16,31.42,17.59,4.78,21.4,266.0,4662.0,10.0,,OPS-11,Network,92.65
2024-02-10 18:00:00,DC-Medellín,RACK-040,SRV-0089,Load Balancer,,Running,31.55,81.81,84.97,4.02,10.61,34.9,947.0,4326.0,11.0,91.6,OPS-03,DevOps,91.34
2024-02-10 20:00:00,DC-Bogotá,RACK-038,SRV-0073,Database,CentOS 8,Idle,44.97,31.17,62.14,9.31,2.82,32.6,700.0,4335.0,9.0,253.9,OPS-01,Network,90.97
2024-02-10 22:00:00,DC-Madrid,RACK-006,SRV-0068,Web Server,CentOS 8,Idle,8.53,59.02,85.88,6.79,72.52,50.1,1078.0,8281.0,1.0,,OPS-11,Network,85.4
2024-02-11 00:00:00,DC-Miami,RACK-008,SRV-0142,Compute,CentOS 8,Running,17.02,15.72,53.64,6.58,0.18,27.0,902.0,8648.0,,78.9,OPS-10,Security,90.03
2024-02-11 02:00:00,DC-Bogotá,RACK-023,SRV-0101,Load Balancer,Debian 11,Running,,18.07,49.57,36.55,19.84,53.8,571.0,5494.0,6.0,8.8,OPS-06,Security,99.64
2024-02-11 04:00:00,DC-Madrid,RACK-026,SRV-0098,Database,Ubuntu 22.04,Running,5.0,94.91,91.37,14.11,3.95,53.5,795.0,8536.0,,39.1,OPS-11,DataOps,98.1
2024-02-11 06:00:00,DC-Bogotá,RACK-012,SRV-0011,Load Balancer,Ubuntu 22.04,Running,44.16,37.76,39.59,22.17,11.03,27.2,707.0,2711.0,3.0,47.1,OPS-01,Infrastructure,89.94
2024-02-11 08:00:00,DC-Cali,RACK-026,SRV-0105,Compute,CentOS 8,Idle,54.12,73.6,85.85,227.84,78.13,30.9,199.0,7595.0,3.0,348.3,OPS-09,DataOps,93.82
2024-02-11 10:00:00,DC-Bogotá,RACK-013,SRV-0184,Compute,RHEL 9,Idle,10.14,78.57,57.75,57.65,5.29,51.1,827.0,6273.0,14.0,39.9,OPS-02,DataOps,97.71
2024-02-11 12:00:00,DC-Bogotá,RACK-040,SRV-0067,Storage,Ubuntu 22.04,Running,96.47,82.93,60.1,148.78,101.29,53.8,255.0,6284.0,,74.1,OPS-01,DevOps,91.62
2024-02-11 14:00:00,DC-Bogotá,RACK-018,SRV-0123,Database,,Running,26.26,94.8,44.06,7.69,6.91,34.4,807.0,3994.0,12.0,133.5,OPS-15,Network,85.27
